a,b,c,d,e,f,g,h,i,k
2596.0111,51.0111,3.0112261,258.0111,0.0111,510.0111,221.0111,232.0111,148.0111,6279.0111
2590.0111,56.0111,2.0112261,212.0111,-6.0111,390.0111,220.0111,235.0111,151.0111,6225.0111
2804.0111,139.0168111,9.0111,268.0111,65.0111,3180.0111,234.0111,238.0111,135.0111,6121.0111
2785.0111,155.0168111,18.0111,242.0111,118.0111,3090.0111,238.0111,238.0111,122.0111,6211.0111
2595.0111,45.0111,2.0112261,153.0111,-1.0111,391.0111,220.0111,234.0111,150.0111,6172.0111
2579.0111,132.0111,6.0112261,300.0111,-15.0111,67.0111,230.0111,237.0111,140.0111,6031.0111
2606.0111,45.0111,7.0195111,270.0111,5.0111,633.0111,222.0111,225.0111,138.0111,6256.0111
2605.0111,49.0111,4.0195111,234.0111,7.0111,573.0111,222.0111,230.0111,144.0111,6228.0111
2617.0111,45.0111,9.0195111,240.0111,56.0111,666.0111,223.0111,221.0111,133.0111,6244.0111
2612.0111,59.0111,10.0195111,247.0111,11.0111,636.0111,228.0111,219.0111,124.0111,6230.0111
2612.0111,201.0111,4.0195111,180.0111,51.0111,735.0111,218.0111,243.0111,161.0111,6222.0111
2886.0111,151.0085111,11.0111,371.0111,26.0111,5253.0111,234.0111,240.0111,136.0111,4051.0111
2742.04111,134.0111,22.0111,150.0111,69.0111,3215.0111,248.0111,224.0111,92.0111,6091.0111
2609.0111,214.0111,7.0195111,150.0111,46.0111,771.0111,213.0111,247.0111,170.0111,6211.0111
2503.0037111,157.0111,4.0111,67.0111,4.0111,674.0111,224.0111,240.0111,151.0111,5600.0111
2495.0037111,51.0111,7.0111,42.0111,2.0111,752.0111,224.0111,225.0111,137.0111,5576.0111
2610.0111,259.0111,1.0195111,120.0111,-1.0111,607.0111,216.0111,239.0111,161.0111,6096.0111
2517.0037111,72.0111,7.0111,85.0111,6.0111,595.0111,228.0111,227.0111,133.0111,5607.0111
2504.0037111,0.0111,4.0111,95.0111,5.0111,691.0111,214.0111,232.0111,156.0111,5572.0111
2503.0037111,38.0111,5.0111,85.0111,10.0111,741.0111,220.0111,228.0111,144.0111,5555.0111
2501.0037111,71.0111,9.0111,60.0111,8.0111,767.0111,230.0111,223.0111,126.0111,5547.0111
2880.0138111,209.0111,17.0111,216.0111,30.0111,4986.0111,206.0111,253.0111,179.0111,4323.0111
2768.0112051,114.0111,23.0111,192.0111,82.0111,3339.0111,252.0111,209.0111,71.0111,5972.0111
2511.0037111,54.0111,8.0111,124.0111,0.0111,638.0111,225.0111,222.0111,130.0111,5569.0111
2507.0037111,22.0111,9.0111,120.0111,14.0111,732.0111,215.0111,221.0111,143.0111,5534.0111
2492.0037111,135.0111,6.0111,0.0111,0.0111,860.0111,229.0111,237.0111,142.0111,5494.0111
2489.0037111,163.0111,10.0111,30.0111,-4.0111,849.0111,230.0111,243.0111,145.0111,5486.0111
2962.0111,148.0111111,16.0111,323.0111,23.0111,5916.0111,240.0111,236.0111,120.0111,3395.0111
2811.0111,135.1020111,1.0111,212.0111,30.0111,3670.0111,220.0111,238.0111,154.0111,5643.0111
2739.0111,117.0510111,24.0111,127.0111,53.0111,3281.0111,253.0111,210.0111,71.0111,6033.0111
2703.1880111,122.0111,30.0111,67.0111,27.0111,3191.0111,254.0111,201.0111,52.0111,6123.0111
2522.0037111,105.0111,7.0111,120.0111,1.0111,595.0111,233.0111,231.0111,130.0111,5569.0111
2519.0037111,102.0111,6.0111,124.0111,4.0111,616.0111,230.0111,233.0111,137.0111,5559.0111
2516.0037111,23.0111,6.0111,150.0111,4.0111,658.0111,216.0111,227.0111,147.0111,5541.0111
2515.0037111,41.0111,9.0111,162.0111,4.0111,680.0111,221.0111,220.0111,133.0111,5532.0111
2900.0111,45.0085111,19.0111,242.0111,20.0111,5199.0111,221.0111,195.0111,100.0111,4115.0111
2709.1880111,125.0111,28.0111,67.0111,23.0111,3224.0111,253.0111,207.0111,61.0111,6094.0111
2511.0037111,92.0111,7.0111,182.0111,18.0111,722.0111,231.0111,229.0111,131.0111,5494.0111
2749.04111,98.0111,30.0111,124.0111,53.0111,3316.0111,252.0111,183.0111,36.0111,6005.0111
2686.1880111,354.0111,12.0111,0.0111,0.0111,3167.0111,200.0111,219.0111,157.0111,6155.0111
2699.1880111,347.0111,3.0111,0.0111,0.0111,2096.0111,213.0111,234.0111,159.0111,6853.0111
2570.0111,346.0111,2.0112261,0.0111,0.0111,331.0111,215.0111,235.0111,158.0111,5745.0111
2533.0037111,71.0111,9.0111,150.0111,-3.0111,577.0111,230.0111,223.0111,126.0111,5552.0111
2703.1880111,330.0111,27.0111,30.0111,17.0111,3141.0111,146.0111,197.0111,184.0111,6186.0111
2678.0111,128.0122611,5.0111,95.0111,23.0111,1660.0111,229.0111,236.0111,141.0111,6546.0111
2529.0037111,68.0111,8.0111,210.0111,-5.0111,666.0111,228.0111,225.0111,130.0111,5484.0111
2524.0037111,94.0111,7.0111,212.0111,-4.0111,684.0111,232.0111,229.0111,130.0111,5474.0111
2536.0111,99.0111,6.0112261,234.0111,0.0111,659.0111,230.0111,232.0111,136.0111,5475.0111
2498.0037111,66.0111,6.0111,95.0111,7.0111,900.0111,227.0111,227.0111,135.0111,5357.0111
2489.0037111,100.0111,7.0111,85.0111,13.0111,810.0111,232.0111,231.0111,131.0111,5334.0111
2713.1880111,117.0111,30.0111,60.0111,17.0111,3297.0111,254.0111,198.0111,48.0111,6039.0111
2739.04111,323.0111,25.0111,85.0111,43.0111,3118.0111,149.0111,205.0111,192.0111,6219.0111
2696.1880111,72.0111,2.0111,30.0111,0.0111,3271.0111,222.0111,234.0111,149.0111,6071.0111
2510.0037111,79.0111,14.0111,192.0111,19.0111,891.0111,237.0111,215.0111,106.0111,5325.0111
2502.0037111,81.0111,7.0111,175.0111,11.0111,912.0111,230.0111,227.0111,129.0111,5316.0111
2722.0111,315.0510111,24.0111,30.0111,19.0111,3216.0111,148.0111,212.0111,200.0111,6132.0111
2500.0037111,74.0111,11.0111,190.0111,9.0111,930.0111,233.0111,219.0111,116.0111,5279.0111
2486.0037111,68.0111,5.0111,180.0111,-4.0111,870.0111,225.0111,230.0111,139.0111,5262.0111
2489.0037111,11.0111,4.0111,175.0111,13.0111,840.0111,216.0111,232.0111,153.0111,5254.0111
2489.0037111,42.0111,6.0111,162.0111,13.0111,810.0111,221.0111,227.0111,141.0111,5247.0111
2490.0037111,75.0111,5.0111,134.0111,17.0111,810.0111,227.0111,230.0111,137.0111,5218.0111
2952.0111,107.0120111,11.0111,42.0111,7.0111,5845.0111,239.0111,226.0111,116.0111,3509.0111
2705.1880111,90.0111,8.0111,134.0111,22.0111,2023.0111,232.0111,228.0111,129.0111,6615.0111
2507.0037111,40.0111,7.0111,153.0111,10.0111,930.0111,221.0111,224.0111,138.0111,5221.0111
2500.0037111,49.0111,14.0111,150.0111,27.0111,870.0111,225.0111,210.0111,116.0111,5205.0111
2493.0037111,63.0111,10.0111,127.0111,20.0111,840.0111,229.0111,221.0111,124.0111,5197.0111
2509.0037111,59.0111,7.0111,134.0111,10.0111,900.0111,226.0111,226.0111,134.0111,5184.0111
2919.0111,13.0085111,13.0111,90.0111,6.0111,5321.0111,207.0111,214.0111,142.0111,4060.0111
2740.04111,54.0111,6.0111,218.0111,42.0111,2287.0111,224.0111,227.0111,138.0111,6686.0111
2640.0111,80.0111,8.0195111,180.0111,-2.0111,1092.0111,231.0111,225.0111,127.0111,5866.0111
2843.1490111,166.0111,12.0111,242.0111,53.0111,4434.0111,230.0111,244.0111,144.0111,4956.0111
3008.0111,45.0111,14.0111,277.0103111,10.0111,6371.0111,223.0111,208.0111,116.0111,3036.0111
2893.0138111,114.0111,16.0111,108.0111,30.0111,5066.0111,245.0111,223.0111,102.0111,4340.0111
2850.0111,6.1020111,9.0111,0.0111,0.0111,4858.0111,210.0111,223.0111,151.0111,4548.0111
2628.0111,30.0111,10.0195111,240.0111,19.0111,960.0111,217.0111,218.0111,136.0111,5645.0111
2864.1490111,118.0111,18.0111,201.0111,74.0111,4567.0111,248.0111,221.0111,93.0111,4849.0111
2827.0111,160.1020111,28.0111,134.0111,65.0111,3948.0111,235.0111,233.0111,108.0111,5474.0111
2529.0111,326.0111,5.0112261,30.0111,14.0111,1062.0111,207.0111,234.0111,166.0111,5047.0111
2808.0111,99.1020111,7.0111,382.0111,95.0111,3107.0111,233.0111,230.0111,130.0111,6341.0111
2840.0111,153.1020111,26.0111,134.0111,42.0111,4613.0111,241.0111,231.0111,102.0111,4833.0111
2795.0111,79.1020111,10.0111,531.0111,96.0111,2980.0111,233.0111,223.0111,121.0111,6497.0111
2746.04111,143.0111,16.0111,67.0111,22.0111,2440.0111,241.0111,235.0111,119.0111,6597.0111
2847.1490111,352.0111,26.0111,150.0111,82.0111,3697.0111,166.0111,187.0111,152.0111,5796.0111
2840.0111,14.1020111,14.0111,216.0111,88.0111,3552.0111,206.0111,210.0111,140.0111,5944.0111
2537.0111,42.0111,7.0112261,210.0111,17.0111,1132.0111,222.0111,224.0111,137.0111,4919.0111
2860.0138111,358.0111,17.0111,175.0111,98.0111,3705.0111,191.0111,206.0111,151.0111,5800.0111
2818.0111,332.1020111,26.0111,30.0111,17.0111,4526.0111,151.0111,197.0111,181.0111,4978.0111
2801.1490111,18.0111,7.0111,560.0111,58.0111,3084.0111,215.0111,226.0111,148.0111,6457.0111
2791.0111,63.1020111,10.0111,418.0111,48.0111,2942.0111,229.0111,221.0111,124.0111,6606.0111
2745.04111,306.0111,11.0111,67.0111,24.0111,2416.0111,190.0111,234.0111,184.0111,6428.0111
2514.0037111,102.0111,6.0111,272.0111,-5.0111,1082.0111,230.0111,233.0111,137.0111,4811.0111
2788.0112051,13.0111,16.0111,30.0111,8.0111,4126.0111,203.0111,206.0111,137.0111,5396.0111
2562.0111,354.0111,12.0112261,67.0111,9.0111,1057.0111,200.0111,218.0111,156.0111,5031.0111
3073.0111,173.0110371,12.0111,108.0111,-3.0111,6836.0111,227.0111,246.0111,149.0111,2735.0111
2978.0111,71.0111,10.1100111,426.0111,85.0111,5742.0111,231.0111,221.0111,121.0111,3792.0111
2860.0138111,31.0111,10.0111,295.0111,98.0111,3644.0111,218.0111,218.0111,135.0111,5904.0111
3067.0111,164.0110371,11.0111,85.0111,7.0111,6811.0111,230.0111,243.0111,144.0111,2774.0111
2804.1490111,72.0111,5.0111,543.0111,61.0111,3115.0111,225.0111,231.0111,141.0111,6471.0111
2562.0111,59.0111,3.0112261,0.0111,0.0111,1116.0111,221.0111,233.0111,148.0111,5091.0111
2567.0111,34.0111,9.0112261,190.0111,16.0111,1136.0111,219.0111,221.0111,138.0111,4924.0111
2998.0111,45.0111,8.0111,351.0103111,16.0111,5842.0111,223.0111,222.0111,134.0111,3721.0111
2684.0111,84.0122611,12.0111,150.0111,2.0111,1677.0111,237.0111,220.0111,113.0111,5693.0111
2676.0111,42.0122611,11.0111,150.0111,-5.0111,1634.0111,222.0111,216.0111,128.0111,5655.0111
2863.1490111,102.0111,15.0111,190.0111,71.0111,4389.0111,244.0111,219.0111,100.0111,5184.0111
2574.0111,170.0111,5.0112261,170.0111,23.0111,1180.0111,224.0111,242.0111,153.0111,4910.0111
2511.0037111,211.0111,6.0111,162.0111,30.0111,1071.0111,216.0111,245.0111,166.0111,4660.0111
3067.0111131,32.0111,4.0111,30.0111,-2.0111,6679.0111,219.0111,230.0111,147.0111,2947.0111
2909.0111,57.0085111,16.0111,134.0111,23.0111,5502.0111,229.0111,203.0111,102.0111,4084.0111
2863.0138111,348.0111,14.0111,309.0111,89.0111,3918.0111,193.0111,216.0111,161.0111,5695.0111
2567.0111,333.0111,1.0112261,0.0111,0.0111,1266.0111,216.0111,237.0111,158.0111,5079.0111
3182.0111,105.0111,11.0111,408.0107511,33.0111,6000.0111,240.0111,226.0111,115.0111,1184.0111
2818.0111,324.1020111,12.0111,242.0111,26.0111,4156.0111,189.0111,227.0111,177.0111,5467.0111
2752.0112051,332.0111,6.0111,342.0111,24.0111,2372.0111,207.0111,233.0111,165.0111,6131.0111
2751.0112051,88.0111,5.0111,400.0111,30.0111,2322.0111,228.0111,231.0111,137.0111,6088.0111
2569.0111,102.0111,7.0112261,228.0111,18.0111,1266.0111,232.0111,231.0111,132.0111,4844.0111
3195.0111,111.0111,15.0111,469.0107511,46.0111,5941.0111,245.0111,222.0111,101.0111,1206.0111
2982.0111,53.0111111,14.0111,240.0111,63.0111,5756.0111,227.0111,209.0111,112.0111,3880.0111
2850.1490111,58.0111,6.0111,295.0111,58.0111,4394.0111,225.0111,227.0111,137.0111,5239.0111
2586.0111,76.0111,4.0112261,190.0111,30.0111,1290.0111,225.0111,232.0111,143.0111,4875.0111
2837.1490111,17.0111,13.0111,330.0111,45.0111,4241.0111,208.0111,211.0111,138.0111,5428.0111
2723.0111,99.0510111,6.0111,301.0111,34.0111,2109.0111,230.0111,232.0111,136.0111,5793.0111
3070.0111,0.0110371,11.0111,30.0111,-6.0111,6890.0111,204.0111,220.0111,153.0111,2858.0111
3057.0111131,124.0111,12.0111,150.0111,53.0111,6508.0111,240.0111,231.0111,118.0111,3211.0111
2818.0111,119.0168111,19.0111,30.0111,10.0111,5213.0111,248.0111,220.0111,92.0111,4497.0111
2847.1490111,320.0111,33.0111,85.0111,39.0111,4983.0111,120.0111,190.0111,199.0111,4727.0111
2606.0111,112.0111,11.0112261,30.0111,4.0111,1584.0111,239.0111,228.0111,119.0111,5106.0111
2893.0111,83.0111,6.0102111,551.0111,101.0111,4011.0111,229.0111,230.0111,135.0111,5755.0111
2716.0111,1.0510111,10.0111,234.0111,27.0111,2100.0111,206.0111,222.0111,153.0111,5581.0111
2644.0111,125.0111,20.0195111,67.0111,25.0111,1719.0111,249.0111,221.0111,90.0111,5168.0111
2613.0111,37.0111,5.0195111,216.0111,34.0111,1519.0111,220.0111,229.0111,146.0111,4818.0111
2929.0111,356.0111,12.0102111,0.0111,0.0111,5757.0111,201.0111,219.0111,155.0111,4017.0111
2767.0112051,307.0111,12.0111,30.0111,8.0111,2796.0111,187.0111,233.0111,186.0111,6192.0111
2991.0111,49.0111111,13.0111,85.0111,0.0111,6199.0111,225.0111,211.0111,117.0111,3613.0111
2939.0111,56.0111,18.0102111,95.0111,20.0111,5563.0111,229.0111,200.0111,98.0111,4224.0111
2537.0037111,7.0111,12.0111,0.0111,0.0111,1583.0111,205.0111,216.0111,148.0111,4509.0111
3119.0101411,119.0111,7.0111,162.0111,10.0111,6660.0111,233.0111,234.0111,133.0111,2556.0111
2942.0111,346.0120111,12.0111,30.0111,3.0111,5918.0111,197.0111,221.0111,162.0111,3900.0111
2886.0111,12.0111,7.0102111,570.0111,94.0111,4295.0111,213.0111,226.0111,150.0111,5518.0111
2775.0111,344.0168111,13.0111,42.0111,7.0111,2854.0111,194.0111,219.0111,164.0111,6177.0111
2490.0037111,79.0111,9.0111,240.0111,13.0111,878.0111,232.0111,224.0111,124.0111,4184.0111
3106.0111,228.0111,18.0111961,658.0111,108.0111,5984.0111,191.0111,254.0111,196.0111,1655.0111
2831.0111,284.1020111,24.0111,60.0111,23.0111,5208.0111,145.0111,232.0111,222.0111,4611.0111
2837.1490111,112.0111,8.0111,272.0111,16.0111,3649.0111,235.0111,231.0111,128.0111,6221.0111
2890.0111,299.0085111,23.0111,180.0111,79.0111,5104.0111,150.0111,224.0111,212.0111,4734.0111
2824.0111,135.1020111,5.0111,218.0111,6.0111,3583.0111,227.0111,238.0111,144.0111,6316.0111
2728.0111,135.0510111,3.0111,242.0111,32.0111,2250.0111,224.0111,238.0111,150.0111,5515.0111
2962.0111051,88.0111,16.0111,190.0111,23.0111,6095.0111,242.0111,212.0111,95.0111,3811.0111
3142.0111,220.0111,11.0111961,424.0111,69.0111,6216.0111,207.0111,251.0111,179.0111,1989.0111
2847.1490111,2.0111,6.0111,175.0111,10.0111,3757.0111,212.0111,229.0111,154.0111,6194.0111
2536.0111,34.0111,5.0112261,242.0111,16.0111,1242.0111,219.0111,228.0111,146.0111,4201.0111
3168.0111,95.0111,6.0111961,30.0111,0.0111,4884.0111,229.0111,231.0111,136.0111,1239.0111
2926.0111,289.0111,24.0102111,210.0111,99.0111,5126.0111,145.0111,228.0111,220.0111,4814.0111
2893.0111,21.0085111,6.0111,295.0111,36.0111,4106.0111,216.0111,227.0111,148.0111,5865.0111
2687.0111,20.0122611,11.0111,150.0111,39.0111,1986.0111,212.0111,217.0111,140.0111,4936.0111
3109.0111,211.0111,17.0111961,424.0111,55.0111,6089.0111,204.0111,254.0111,181.0111,2017.0111
3119.0101411,200.0111,20.0111,60.0111,0.0111,6297.0111,208.0111,253.0111,172.0111,2377.0111
2916.0111051,349.0111,10.0111,488.0111,36.0111,4472.0111,202.0111,223.0111,160.0111,5502.0111
2795.0111,18.0168111,3.0111,218.0111,17.0111,3042.0111,217.0111,233.0111,153.0111,6073.0111
2555.0111,58.0111,14.0112261,285.0111,19.0111,1231.0111,230.0111,209.0111,109.0111,4159.0111
2499.0111,42.0111,13.0112261,497.0111,-7.0111,953.0111,222.0111,212.0111,123.0111,3950.0111
3027.0111131,173.0111,11.0111,335.0111,42.0111,5678.0111,227.0111,245.0111,149.0111,1900.0111
3096.0111,160.0110371,15.0111,85.0111,16.0111,6156.0111,234.0111,242.0111,135.0111,2310.0111
2916.0114711,105.0111,13.0111,268.0111,89.0111,5618.0111,242.0111,223.0111,108.0111,4417.0111
2591.0111,42.0111,12.0195111,350.0111,22.0111,1398.0111,222.0111,213.0111,125.0111,4224.0111
3185.0111,328.0111,16.0111961,127.0111,13.0111,4763.0111,178.0111,219.0111,180.0111,1392.0111
3021.0111131,221.0111,10.0111,324.0111,39.0111,5675.0111,208.0111,250.0111,177.0111,1937.0111
3083.0101411,257.0111,4.0111,510.0111,-25.0111,6363.0111,209.0111,242.0111,171.0111,2873.0111
2860.1490111,276.0111,33.0111,60.0111,33.0111,5292.0111,115.0111,226.0111,240.0111,4759.0111
3008.0111,196.0111,15.0111,228.0103111,20.0111,5535.0111,215.0111,251.0111,166.0111,1924.0111
3034.0111131,189.0111,14.0111,384.0111,66.0111,5754.0111,220.0111,250.0111,160.0111,2012.0111
2873.0138111,130.0111,16.0111,67.0111,16.0111,4030.0111,244.0111,230.0111,110.0111,6091.0111
3182.0111,49.0111,13.0111961,319.0111,7.0111,4767.0111,225.0111,211.0111,118.0111,1513.0111
2998.0111,102.0111,12.0111,384.0103111,158.0111,6026.0111,239.0111,225.0111,114.0111,4121.0111
2658.1880111,357.0111,20.0111,300.0111,54.0111,1597.0111,184.0111,199.0111,149.0111,4286.0111
3175.0111,15.0111,7.0111961,366.0111,92.0111,4816.0111,214.0111,226.0111,149.0111,1584.0111
2952.0111,8.0111111,7.0111,488.0111,125.0111,4953.0111,212.0111,227.0111,152.0111,5192.0111
2622.0111,95.0122611,12.0111,484.0111,39.0111,1329.0111,239.0111,222.0111,112.0111,4086.0111
2955.0111,288.0111111,21.0111,247.0111,128.0111,5224.0111,156.0111,233.0111,215.0111,4968.0111
2837.0111,66.1020111,9.0111,201.0111,23.0111,3655.0111,229.0111,221.0111,124.0111,6341.0111
3182.0111,45.0111,3.0111,458.0107511,109.0111,4723.0111,220.0111,232.0111,149.0111,1661.0111
3077.0111,129.0111,3.0111961,618.0111,43.0111,6296.0111,225.0111,237.0111,147.0111,3261.0111
2755.0112051,320.0111,4.0111,30.0111,-1.0111,2890.0111,209.0111,236.0111,165.0111,5468.0111
3047.0101411,28.0111,11.0111,600.0111,13.0111,6414.0111,216.0111,215.0111,134.0111,3540.0111
2880.0138111,86.0111,12.0111,30.0111,3.0111,4369.0111,237.0111,221.0111,113.0111,5906.0111
3221.0111,292.0111,3.0111,424.0107511,49.0111,4401.0111,212.0111,238.0111,165.0111,1710.0111
3182.0111,115.0111,10.0111,553.0107511,10.0111,4605.0111,237.0111,231.0111,124.0111,1768.0111
3064.0111131,29.0111,24.0111,150.0111,46.0111,5051.0111,204.0111,182.0111,104.0111,2148.0111
2827.0111,332.1020111,15.0111,42.0111,9.0111,3599.0111,185.0111,221.0111,174.0111,6067.0111
2518.0111,107.0111,5.0112261,360.0111,39.0111,553.0111,229.0111,234.0111,139.0111,3522.0111
3050.0111131,180.0111,4.0111,277.0111,-3.0111,5782.0111,221.0111,242.0111,156.0111,2721.0111
3107.0111,356.0111,12.0111961,283.0111,89.0111,4855.0111,201.0111,219.0111,155.0111,2069.0111
2995.0111,173.0111,15.1100111,268.0111,135.0111,6312.0111,228.0111,246.0111,146.0111,4135.0111
2721.0111,164.0510111,4.0111,67.0111,-2.0111,1747.0111,224.0111,241.0111,152.0111,4191.0111
3182.0111,116.0111,7.0111,579.0107511,10.0111,4425.0111,233.0111,233.0111,133.0111,1854.0111
2724.0111,132.0510111,11.0111,60.0111,-2.0111,2720.0111,238.0111,234.0111,124.0111,4875.0111
2515.0037111,90.0111,9.0111,313.0111,39.0111,511.0111,233.0111,227.0111,125.0111,3451.0111
3017.0111,46.0111,22.0111,212.0103111,52.0111,5118.0111,221.0111,188.0111,92.0111,2352.0111
3077.0111,256.0111,4.0111961,618.0111,210.0111,6230.0111,210.0111,242.0111,170.0111,3734.0111
2929.0111,338.0120111,8.0111,190.0111,39.0111,4393.0111,202.0111,228.0111,165.0111,6106.0111
2735.0111,127.0510111,12.0111,67.0111,6.0111,2806.0111,240.0111,232.0111,120.0111,4924.0111
2893.0111,319.0085111,20.0111,150.0111,43.0111,5825.0111,164.0111,217.0111,192.0111,4667.0111
3231.0111,45.0111,4.0111,648.0107511,59.0111,4173.0111,221.0111,231.0111,147.0111,1921.0111
2560.0111,89.0111,10.0112261,218.0111,34.0111,731.0111,235.0111,224.0111,120.0111,3505.0111
3162.0111,43.0111,15.0111961,484.0111,144.0111,4657.0111,221.0111,205.0111,115.0111,2188.0111
2982.0111,188.0111111,14.0111,120.0111,-2.0111,5501.0111,220.0111,250.0111,160.0111,2750.0111
2731.0111,66.0510111,5.0111,0.0111,0.0111,2826.0111,225.0111,230.0111,141.0111,4873.0111
3172.0111,50.0111,11.0111,759.0107511,0.0111,4287.0111,225.0111,215.0111,123.0111,2037.0111
2916.0111,138.0085111,21.0111,127.0111,49.0111,6349.0111,247.0111,227.0111,98.0111,4206.0111
2890.0138111,63.0111,17.0111,153.0111,35.0111,3670.0111,233.0111,202.0111,96.0111,5757.0111
2704.1880111,45.0111,10.0111,323.0111,22.0111,1323.0111,223.0111,219.0111,130.0111,3734.0111
3198.0111,23.0111,18.0111,604.0107511,180.0111,4545.0111,207.0111,200.0111,124.0111,2285.0111
2985.0111,214.0111,5.1100111,342.0111,63.0111,5495.0111,215.0111,245.0111,166.0111,3195.0111
3011.0111131,323.0111,21.0111,443.0111,161.0111,5838.0111,164.0111,214.0111,188.0111,4910.0111
3024.0111,312.0110371,18.0111,474.0111,177.0111,5785.0111,169.0111,224.0111,194.0111,4961.0111
2763.04111,7.0111,12.0111,85.0111,17.0111,2850.0111,205.0111,216.0111,148.0111,4788.0111
3244.0111,56.0111,16.0111,618.0107511,76.0111,3865.0111,229.0111,204.0111,104.0111,2225.0111
2955.0111,9.0120111,10.0111,85.0111,10.0111,5167.0111,209.0111,221.0111,149.0111,2819.0111
3201.0111,10.0111,13.0111,984.0107511,180.0111,4136.0111,205.0111,213.0111,143.0111,2289.0111
2972.0111051,36.0111,25.0111,30.0111,0.0111,5113.0111,209.0111,176.0111,90.0111,2816.0111
2985.0111,167.0111,13.0111,458.0103111,66.0111,5571.0111,230.0111,244.0111,144.0111,3519.0111
2539.0037111,23.0111,17.0111,90.0111,15.0111,488.0111,207.0111,201.0111,125.0111,3115.0111
3001.0111,260.0110371,8.0111,720.0111,134.0111,5790.0111,200.0111,245.0111,183.0111,3903.0111
2952.0111,51.0120111,10.0111,150.0111,16.0111,5123.0111,225.0111,218.0111,126.0111,2960.0111
2962.0111,211.0111111,13.0111,255.0111,43.0111,5365.0111,209.0111,252.0111,177.0111,3337.0111
3004.0111131,0.0111,12.0111,484.0111,85.0111,5068.0111,202.0111,217.0111,152.0111,5840.0111
2727.0111,45.0510111,4.0111,124.0111,21.0111,2285.0111,221.0111,231.0111,147.0111,4245.0111
3004.0111,167.0110371,17.0111,603.0111,137.0111,5798.0111,232.0111,244.0111,137.0111,4031.0111
2886.0138111,22.0111,8.0111,285.0111,31.0111,3849.0111,215.0111,222.0111,144.0111,5557.0111
3024.0101411,344.0111,8.0111,600.0111,105.0111,5201.0111,203.0111,227.0111,163.0111,5764.0111
3034.0111131,187.0111,14.0111,335.0111,148.0111,6084.0111,221.0111,249.0111,158.0111,4921.0111
2903.0111,279.0085111,13.0111,190.0111,26.0111,4179.0111,184.0111,241.0111,197.0111,5904.0111
2926.0111,245.0111,4.0102111,30.0111,7.0111,5180.0111,212.0111,243.0111,169.0111,3331.0111
2942.0111,200.0120111,16.0111,180.0111,23.0111,5276.0111,212.0111,252.0111,170.0111,3470.0111
2991.0111,54.0111,13.0111,495.0103111,65.0111,4849.0111,227.0111,211.0111,115.0111,6214.0111
2742.04111,116.0111,9.0111,150.0111,21.0111,2475.0111,236.0111,231.0111,126.0111,4314.0111
2606.0111,356.0111,18.0195111,67.0111,26.0111,911.0111,188.0111,205.0111,152.0111,3174.0111
3244.0111,326.0111,5.0111,750.0107511,53.0111,3730.0111,207.0111,234.0111,166.0111,2460.0111
3237.0111,27.0111,14.0111,997.0107511,36.0111,4002.0111,213.0111,210.0111,130.0111,2506.0111
2616.0111,359.0111,24.0195111,42.0111,15.0111,977.0111,176.0111,187.0111,142.0111,3186.0111
2913.0111,16.0111,11.0102111,457.0111,58.0111,3974.0111,211.0111,217.0111,142.0111,5568.0111
2813.0111,48.0168111,7.0111,201.0111,35.0111,3018.0111,223.0111,225.0111,137.0111,4729.0111
2530.0111,149.0111,1.0112261,319.0111,51.0111,234.0111,221.0111,238.0111,154.0111,2726.0111
3260.0111,45.0111,7.0111,503.0107511,69.0111,3558.0111,222.0111,225.0111,138.0111,2531.0111
3047.0111,90.0111,3.0111961,870.0111,128.0111,5484.0111,224.0111,234.0111,146.0111,5635.0111
2955.0111,60.0120111,20.0111,201.0111,33.0111,4934.0111,231.0111,195.0111,88.0111,3248.0111
2893.0138111,77.0111,13.0111,85.0111,7.0111,6012.0111,236.0111,215.0111,107.0111,4682.0111
2965.0111051,38.0111,24.0111,247.0111,49.0111,4883.0111,212.0111,181.0111,92.0111,3315.0111
3037.0101411,230.0111,15.0111,570.0111,151.0111,5985.0111,196.0111,252.0111,191.0111,5238.0111
3027.0101411,152.0111,10.0111,792.0111,108.0111,5316.0111,233.0111,240.0111,138.0111,5912.0111
2756.04111,70.0111,16.0111,120.0111,35.0111,2501.0111,235.0111,208.0111,100.0111,4210.0111
2939.0111,325.0111,6.1100111,510.0111,62.0111,4078.0111,206.0111,234.0111,167.0111,5584.0111
3198.0111,126.0111,9.0111,418.0107511,23.0111,4200.0111,235.0111,234.0111,130.0111,2858.0111
3195.0111,90.0111,7.0111,362.0107511,20.0111,4243.0111,231.0111,229.0111,132.0111,2880.0111
2975.0111,222.0111,6.1100111,360.0111,89.0111,5719.0111,213.0111,245.0111,169.0111,4519.0111
2890.0138111,84.0111,13.0111,30.0111,4.0111,5918.0111,238.0111,218.0111,108.0111,4761.0111
3018.0101411,109.0111,10.0111,815.0111,132.0111,5833.0111,238.0111,229.0111,121.0111,5486.0111
3011.0101411,85.0111,5.0111,842.0111,85.0111,5389.0111,228.0111,231.0111,137.0111,5975.0111
3221.0111,79.0111,16.0111,618.0107511,20.0111,3968.0111,239.0111,210.0111,96.0111,2868.0111
3004.0101411,135.0111,7.0111,811.0111,78.0111,5383.0111,231.0111,237.0111,138.0111,6017.0111
2572.0111,49.0111,20.0112261,384.0111,53.0111,391.0111,224.0111,192.0111,94.0111,2509.0111
3260.0111,128.0111,11.0111,743.0107511,46.0111,3824.0111,238.0111,233.0111,124.0111,2854.0111
3168.0111,25.0111,4.0111961,30.0111,0.0111,4426.0111,218.0111,231.0111,150.0111,3180.0111
2878.0138111,349.0111,12.0111,67.0111,0.0111,3489.0111,198.0111,220.0111,161.0111,4924.0111
3198.0111,9.0111,8.0111,301.0107511,23.0111,4099.0111,211.0111,224.0111,150.0111,3076.0111
2975.0111,260.0111,8.1100111,391.0111,66.0111,6071.0111,200.0111,245.0111,183.0111,5262.0111
3178.0111,38.0111,10.0111961,0.0111,0.0111,4286.0111,220.0111,217.0111,131.0111,3248.0111
2995.0111,176.0110371,10.0111,690.0111,86.0111,6068.0111,226.0111,246.0111,152.0111,5533.0111
2913.0114711,144.0111,8.0111,210.0111,20.0111,5478.0111,232.0111,239.0111,139.0111,4733.0111
2982.0111,175.0111,9.1100111,424.0111,56.0111,5267.0111,225.0111,245.0111,153.0111,6500.0111
2945.0111051,209.0111,12.0111,362.0111,36.0111,5877.0111,211.0111,251.0111,173.0111,5354.0111
2995.0111131,143.0111,2.0111,631.0111,23.0111,5459.0111,223.0111,238.0111,151.0111,6349.0111
2942.0111,0.0111,3.0102111,0.0111,0.0111,4830.0111,215.0111,233.0111,156.0111,6062.0111
2945.0111,288.0120111,5.0111,0.0111,0.0111,4801.0111,205.0111,239.0111,173.0111,6034.0111
2959.0111051,288.0111,8.0111,120.0111,14.0111,4683.0111,199.0111,240.0111,180.0111,5920.0111
2796.0111,114.0168111,13.0111,60.0111,8.0111,2599.0111,242.0111,226.0111,111.0111,3934.0111
2785.0111,315.0168111,2.0111,60.0111,-2.0111,2486.0111,214.0111,237.0111,161.0111,3829.0111
2784.0111,325.0168111,17.0111,153.0111,33.0111,1798.0111,177.0111,220.0111,182.0111,3198.0111
2789.0111,320.0168111,15.0111,182.0111,50.0111,1771.0111,181.0111,225.0111,183.0111,3174.0111
2922.0111,162.0111,19.0102111,240.0111,22.0111,5076.0111,235.0111,241.0111,129.0111,4536.0111
3008.0111,135.0111,3.0111961,931.0111,36.0111,5727.0111,224.0111,238.0111,150.0111,6096.0111
2978.0111,73.0111,10.1100111,323.0111,49.0111,5160.0111,232.0111,221.0111,121.0111,6368.0111
2892.0138111,54.0111,11.0111,134.0111,12.0111,3178.0111,226.0111,217.0111,123.0111,4457.0111
2521.0037111,45.0111,10.0111,42.0111,2.0111,408.0111,223.0111,218.0111,129.0111,2066.0111
2985.0111,72.0111,7.0111,497.0103111,13.0111,5372.0111,228.0111,227.0111,133.0111,6482.0111
3057.0101411,39.0111,19.0111,626.0111,144.0111,4435.0111,217.0111,196.0111,107.0111,3955.0111
2829.0111,78.1020111,9.0111,60.0111,8.0111,2941.0111,232.0111,223.0111,123.0111,4187.0111
3201.0111,331.0111,5.0111,0.0107511,0.0111,4002.0111,208.0111,234.0111,164.0111,3460.0111
3136.0111,329.0111,13.0111,789.0107511,-13.0111,4228.0111,187.0111,223.0111,175.0111,3798.0111
2548.0111,355.0111,14.0112261,60.0111,7.0111,551.0111,197.0111,215.0111,155.0111,2058.0111
2962.0111,89.0120111,9.0111,42.0111,3.0111,4891.0111,234.0111,225.0111,122.0111,6046.0111
2808.0111,15.0168111,13.0111,201.0111,20.0111,2431.0111,208.0111,213.0111,141.0111,3651.0111
2749.0111,87.0168111,12.0111,516.0111,43.0111,1499.0111,238.0111,220.0111,111.0111,2797.0111
3155.0111,328.0111,14.0111,849.0107511,-19.0111,4184.0111,185.0111,222.0111,177.0111,3871.0111
2991.0101411,285.0111,11.0111,849.0111,98.0111,5939.0111,189.0111,240.0111,191.0111,6068.0111
2968.0111,108.0111111,5.0111,306.0111,49.0111,4113.0111,229.0111,234.0111,138.0111,5265.0111
2932.0114711,77.0111,13.0111,108.0111,21.0111,3911.0111,236.0111,216.0111,108.0111,5067.0111
2808.0111,356.1020111,7.0111,153.0111,3.0111,2592.0111,209.0111,227.0111,157.0111,3757.0111
2794.0111,106.0168111,4.0111,210.0111,37.0111,1888.0111,227.0111,234.0111,142.0111,3079.0111
3080.0111,24.0111,17.0111961,659.0111,167.0111,4377.0111,208.0111,201.0111,125.0111,4176.0111
2936.0111,52.0111,16.0102111,180.0111,27.0111,4656.0111,227.0111,203.0111,105.0111,4456.0111
2913.0111,261.0111,10.0102111,313.0111,10.0111,5706.0111,197.0111,245.0111,187.0111,5517.0111
2919.0111,232.0111,8.0102111,323.0111,19.0111,5728.0111,207.0111,248.0111,178.0111,5539.0111
2978.0111,257.0111111,6.0111,85.0111,13.0111,4795.0111,205.0111,244.0111,177.0111,5905.0111
2574.0111,312.0111,14.0112261,134.0111,32.0111,636.0111,183.0111,229.0111,187.0111,1924.0111
3142.0111,59.0111,21.0111,730.0107511,-32.0111,4155.0111,231.0111,192.0111,85.0111,4070.0111
2804.0111,15.0168111,10.0111,212.0111,47.0111,1917.0111,211.0111,219.0111,144.0111,3031.0111
2595.0111,9.0111,14.0112261,42.0111,19.0111,799.0111,204.0111,212.0111,144.0111,2010.0111
2929.0111,232.0120111,8.0111,366.0111,33.0111,5835.0111,208.0111,247.0111,177.0111,5776.0111
3001.0101411,246.0111,9.0111,764.0111,101.0111,5961.0111,201.0111,247.0111,184.0111,6227.0111
2813.0111,94.1020111,7.0111,371.0111,56.0111,1800.0111,231.0111,230.0111,132.0111,2872.0111
2988.0111,342.0111,6.1100111,192.0111,26.0111,4805.0111,208.0111,231.0111,162.0111,5836.0111
3175.0111,59.0111,18.0111,612.0107511,0.0111,4042.0111,231.0111,200.0111,96.0111,4184.0111
2861.1490111,0.0111,6.0111,134.0111,10.0111,2980.0111,211.0111,228.0111,155.0111,3972.0111
2804.0111,61.1020111,7.0111,362.0111,10.0111,1838.0111,226.0111,225.0111,133.0111,2825.0111
3001.0111,78.0111,10.0111,335.0103111,29.0111,5320.0111,234.0111,221.0111,118.0111,6310.0111
2914.0114711,141.0111,9.0111,277.0111,18.0111,3471.0111,234.0111,238.0111,135.0111,4430.0111
2668.0111,41.0122611,17.0111,283.0111,68.0111,1276.0111,219.0111,200.0111,110.0111,2240.0111
3185.0111,129.0111,12.0111,481.0107511,10.0111,3899.0111,240.0111,233.0111,121.0111,4273.0111
2913.0114711,216.0111,9.0111,268.0111,20.0111,5715.0111,211.0111,249.0111,173.0111,5983.0111
3168.0111,72.0111,5.0111961,418.0111,-6.0111,3855.0111,226.0111,230.0111,138.0111,4394.0111
2955.0111,30.0120111,9.0111,30.0111,3.0111,4478.0111,218.0111,220.0111,137.0111,5370.0111
2932.0114711,100.0111,7.0111,30.0111,-6.0111,4280.0111,232.0111,231.0111,131.0111,5166.0111
3234.0111,0.0111,11.0111,658.0107511,26.0111,3589.0111,204.0111,220.0111,153.0111,4109.0111
3201.0111,53.0111,7.0111,488.0107511,26.0111,3667.0111,224.0111,225.0111,135.0111,4255.0111
2903.0111,236.0085111,5.0111,212.0111,10.0111,5656.0111,211.0111,244.0111,171.0111,6046.0111
2874.0114711,352.0111,2.0111,400.0111,19.0111,2869.0111,216.0111,236.0111,157.0111,3653.0111
2903.0111,254.0085111,6.0111,212.0111,3.0111,5689.0111,206.0111,244.0111,176.0111,6195.0111
2800.0111,45.0168111,12.0111,0.0111,0.0111,2244.0111,223.0111,214.0111,124.0111,2958.0111
3257.0111,336.0111,9.0111,693.0107511,52.0111,3443.0111,199.0111,227.0111,167.0111,4246.0111
3188.0111,278.0111,5.0111,210.0107511,13.0111,3634.0111,206.0111,241.0111,173.0111,4526.0111
2952.0111,62.0120111,8.0111,192.0111,30.0111,4487.0111,227.0111,223.0111,130.0111,5251.0111
2932.0111,237.0120111,16.0111,342.0111,36.0111,5797.0111,189.0111,252.0111,198.0111,6409.0111
3050.0101411,281.0111,4.0111,630.0111,85.0111,5540.0111,209.0111,240.0111,169.0111,6162.0111
2955.0111051,285.0111,11.0111,212.0111,19.0111,4302.0111,188.0111,240.0111,192.0111,5057.0111
2791.0111,41.1020111,17.0111,458.0111,-18.0111,1740.0111,220.0111,201.0111,111.0111,2294.0111
3172.0111,162.0111,3.0111961,180.0111,7.0111,3632.0111,222.0111,240.0111,153.0111,4624.0111
3116.0101411,69.0111,14.0111,297.0111,-6.0111,3870.0111,234.0111,212.0111,107.0111,4802.0111
2895.0138111,51.0111,10.0111,162.0111,0.0111,3326.0111,225.0111,219.0111,127.0111,4002.0111
3182.0111,122.0111,6.0111961,134.0111,7.0111,3510.0111,230.0111,235.0111,138.0111,4585.0111
3024.0111,81.0111,9.0111,218.0103111,49.0111,4152.0111,233.0111,224.0111,123.0111,5114.0111
2962.0111,251.0111,9.1100111,480.0111,66.0111,5863.0111,201.0111,246.0111,183.0111,6356.0111
2978.0111,27.0111111,4.0111,192.0111,13.0111,4780.0111,218.0111,230.0111,149.0111,5502.0111
2952.0111051,40.0111,12.0111,323.0111,0.0111,4558.0111,221.0111,213.0111,124.0111,5268.0111
2945.0111051,348.0111,13.0111,255.0111,32.0111,3768.0111,194.0111,217.0111,161.0111,4425.0111
3149.0111,188.0111,7.0111961,134.0111,17.0111,3718.0111,221.0111,245.0111,159.0111,4831.0111
2833.0111,150.1020111,15.0111,242.0111,23.0111,1953.0111,238.0111,238.0111,126.0111,2407.0111
3136.0111,185.0111,10.0111961,42.0111,4.0111,3623.0111,222.0111,248.0111,158.0111,4858.0111
2851.1490111,49.0111,13.0111,268.0111,46.0111,2538.0111,225.0111,211.0111,118.0111,3037.0111
2933.0111,111.0111,8.0102111,300.0111,20.0111,3644.0111,234.0111,231.0111,129.0111,4221.0111
2810.0111,110.1020111,6.0111,421.0111,0.0111,1871.0111,230.0111,234.0111,138.0111,2178.0111
3267.0111,85.0111,10.0111,484.0107511,62.0111,3194.0111,235.0111,223.0111,119.0111,4518.0111
3188.0111,30.0111,16.0111961,85.0111,13.0111,3340.0111,213.0111,203.0111,121.0111,4753.0111
2955.0111,37.0111111,5.0111,426.0111,42.0111,3905.0111,220.0111,229.0111,145.0111,4475.0111
3001.0101411,276.0111,9.0111,752.0111,103.0111,5893.0111,197.0111,242.0111,184.0111,6012.0111
3008.0101411,281.0111,10.0111,780.0111,110.0111,5864.0111,194.0111,241.0111,187.0111,5998.0111
2942.0111051,28.0111,5.0111,391.0111,29.0111,3707.0111,218.0111,230.0111,148.0111,4228.0111
2921.0111051,331.0111,9.0111,395.0111,8.0111,3516.0111,200.0111,230.0111,169.0111,4024.0111
2985.0111,315.0111,5.0111,361.0103111,20.0111,5023.0111,206.0111,235.0111,169.0111,5570.0111
2978.0111131,289.0111,14.0111,570.0111,42.0111,4480.0111,179.0111,238.0111,198.0111,5007.0111
2889.0111,51.0085111,20.0111,362.0111,66.0111,2689.0111,225.0111,193.0111,94.0111,3049.0111
2814.0111,103.1020111,3.0111,210.0111,4.0111,2145.0111,225.0111,235.0111,145.0111,2316.0111
2938.0111051,127.0111,9.0111,408.0111,107.0111,2896.0111,236.0111,234.0111,128.0111,3239.0111
2828.0111,95.1020111,11.0111,127.0111,15.0111,2467.0111,238.0111,224.0111,116.0111,2714.0111
3146.0111,95.0111,12.0111961,240.0111,-28.0111,3287.0111,239.0111,222.0111,112.0111,5052.0111
2977.0111,94.0111,8.1100111,466.0111,12.0111,4283.0111,232.0111,229.0111,129.0111,4676.0111
3034.0101411,45.0111,2.0111,680.0111,46.0111,5544.0111,220.0111,234.0111,151.0111,5490.0111
3083.0111,61.0110371,19.0111,192.0111,-9.0111,3320.0111,232.0111,197.0111,90.0111,5380.0111
3044.0111131,23.0111,5.0111,210.0111,-25.0111,3481.0111,217.0111,228.0111,148.0111,5476.0111
2982.0111,90.0111111,8.0111,242.0111,-35.0111,3695.0111,232.0111,228.0111,129.0111,5609.0111
2901.0111,176.0085111,15.0111,256.0111,49.0111,3181.0111,226.0111,247.0111,149.0111,3360.0111
2995.0111,66.0111,6.1100111,247.0111,13.0111,4770.0111,227.0111,227.0111,135.0111,5126.0111
2528.0037111,151.0111,6.0111,108.0111,4.0111,598.0111,228.0111,240.0111,145.0111,390.0111
3188.0111,112.0111,8.0111961,60.0111,3.0111,2880.0111,235.0111,231.0111,128.0111,5166.0111
2939.0111051,243.0111,24.0111,400.0111,41.0111,5619.0111,164.0111,250.0111,217.0111,5753.0111
3008.0111,215.0110371,11.0111,696.0111,112.0111,5880.0111,209.0111,251.0111,176.0111,5600.0111
3021.0101411,238.0111,9.0111,815.0111,125.0111,5855.0111,204.0111,248.0111,181.0111,5543.0111
2937.0111,80.0120111,11.0111,330.0111,15.0111,4094.0111,234.0111,221.0111,118.0111,4354.0111
2844.1490111,317.0111,10.0111,67.0111,20.0111,2758.0111,194.0111,231.0111,178.0111,2724.0111
2781.0111,13.0168111,3.0111,351.0111,25.0111,2148.0111,216.0111,233.0111,154.0111,1707.0111
2945.0111,252.0111111,18.0111,421.0111,47.0111,5615.0111,176.0111,249.0111,209.0111,5686.0111
2857.1490111,143.0111,12.0111,85.0111,8.0111,3111.0111,238.0111,237.0111,127.0111,3161.0111
3021.0111,53.0111,7.0111,258.0103111,-12.0111,3544.0111,224.0111,224.0111,134.0111,5720.0111
2919.0114711,141.0111,3.0111,192.0111,3.0111,3992.0111,225.0111,238.0111,149.0111,6047.0111
2800.0111,185.0168111,9.0111,170.0111,22.0111,2382.0111,222.0111,246.0111,158.0111,2001.0111
2773.0111,151.0168111,18.0111,350.0111,119.0111,1680.0111,240.0111,237.0111,119.0111,983.0111
2759.0112051,144.0111,17.0111,300.0111,105.0111,1590.0111,242.0111,234.0111,115.0111,895.0111
2714.0111,117.0510111,20.0111,242.0111,93.0111,1470.0111,250.0111,217.0111,85.0111,779.0111
2671.0111,109.0122611,26.0111,175.0111,55.0111,1350.0111,253.0111,200.0111,58.0111,664.0111
2975.0111,126.0111111,9.0111,120.0111,3.0111,4763.0111,235.0111,234.0111,130.0111,4928.0111
2775.0111,148.0168111,19.0111,335.0111,101.0111,1770.0111,242.0111,234.0111,113.0111,1061.0111
2746.0112051,149.0111,18.0111,268.0111,92.0111,1620.0111,240.0111,236.0111,119.0111,912.0111
2743.04111,148.0111,19.0111,255.0111,89.0111,1590.0111,242.0111,235.0111,114.0111,883.0111
2717.0111,108.0510111,16.0111,201.0111,79.0111,1500.0111,246.0111,220.0111,98.0111,794.0111
2751.0112051,136.0111,14.0111,277.0111,77.0111,1680.0111,241.0111,234.0111,119.0111,967.0111
2739.04111,131.0111,14.0111,242.0111,75.0111,1620.0111,242.0111,232.0111,116.0111,908.0111
2733.04111,133.0111,16.0111,228.0111,79.0111,1590.0111,244.0111,231.0111,111.0111,878.0111
2716.0111,117.0510111,15.0111,175.0111,62.0111,1500.0111,245.0111,225.0111,105.0111,789.0111
2611.0111,99.0111,14.0112261,30.0111,2.0111,1200.0111,243.0111,220.0111,103.0111,495.0111
3073.0111,123.0110371,11.0111,0.0111,0.0111,3060.0111,239.0111,231.0111,121.0111,5654.0111
3060.0111131,167.0111,18.0111,95.0111,16.0111,3251.0111,232.0111,244.0111,136.0111,5755.0111
2899.0111,120.0085111,8.0111,162.0111,19.0111,3944.0111,234.0111,234.0111,132.0111,4034.0111
2861.1490111,107.0111,8.0111,30.0111,0.0111,3434.0111,234.0111,231.0111,129.0111,3406.0111
2853.1490111,351.0111,3.0111,0.0111,0.0111,3342.0111,214.0111,234.0111,158.0111,3287.0111
2785.0111,202.0168111,8.0111,134.0111,18.0111,2429.0111,217.0111,247.0111,165.0111,1860.0111
2723.0111,127.0510111,16.0111,190.0111,69.0111,1560.0111,245.0111,228.0111,108.0111,845.0111
2656.0111,110.0111,23.0195111,85.0111,35.0111,1350.0111,252.0111,208.0111,72.0111,636.0111
3064.0111,194.0110371,10.0111,30.0111,4.0111,3111.0111,218.0111,249.0111,164.0111,5721.0111
3050.0111131,167.0111,16.0111,67.0111,6.0111,3229.0111,231.0111,244.0111,140.0111,5783.0111
3004.0111,141.0111,13.1100111,124.0111,3.0111,3500.0111,239.0111,236.0111,124.0111,5934.0111
2952.0111,58.0120111,10.0111,201.0111,16.0111,3736.0111,228.0111,218.0111,123.0111,6078.0111
3034.0111131,68.0111,12.0111,362.0111,43.0111,5550.0111,232.0111,216.0111,114.0111,5100.0111
2703.1880111,130.0111,20.0111,127.0111,49.0111,1500.0111,248.0111,225.0111,97.0111,780.0111
2685.0111,128.0122611,23.0111,95.0111,31.0111,1440.0111,251.0111,218.0111,81.0111,722.0111
2661.0111,119.0111,25.0195111,67.0111,23.0111,1380.0111,253.0111,210.0111,70.0111,663.0111
3057.0111131,101.0111,4.0111,0.0111,0.0111,3069.0111,226.0111,234.0111,144.0111,5740.0111
3050.0111131,139.0111,13.0111,30.0111,-3.0111,3127.0111,240.0111,235.0111,123.0111,5770.0111
3060.0101411,342.0111,5.0111,495.0111,69.0111,5700.0111,209.0111,232.0111,161.0111,5139.0111
2945.0111,49.0111,14.0102111,0.0111,0.0111,4671.0111,225.0111,208.0111,114.0111,4737.0111
2704.1880111,123.0111,18.0111,124.0111,40.0111,1530.0111,247.0111,224.0111,99.0111,797.0111
2676.0111,129.0122611,24.0111,67.0111,22.0111,1440.0111,251.0111,217.0111,79.0111,713.0111
2621.0111,81.0111,14.0195111,0.0111,0.0111,1290.0111,238.0111,214.0111,103.0111,571.0111
3060.0111131,45.0111,13.0111,30.0111,3.0111,3046.0111,223.0111,211.0111,120.0111,5768.0111
2975.0111,136.0111111,15.0111,124.0111,7.0111,3543.0111,243.0111,232.0111,114.0111,6039.0111
3067.0101411,21.0111,4.0111,518.0111,76.0111,5739.0111,217.0111,231.0111,151.0111,5125.0111
2719.0111,128.0510111,16.0111,150.0111,45.0111,1621.0111,244.0111,229.0111,109.0111,874.0111
2638.0111,86.0111,15.0195111,0.0111,0.0111,1351.0111,241.0111,213.0111,98.0111,618.0111
2700.1880111,115.0111,19.0111,67.0111,26.0111,1533.0111,249.0111,218.0111,90.0111,779.0111
2673.0111,108.0122611,22.0111,42.0111,9.0111,1473.0111,251.0111,208.0111,72.0111,721.0111
2654.0111,71.0111,11.0195111,0.0111,0.0111,1413.0111,233.0111,218.0111,115.0111,664.0111
2664.0111,50.0111,12.0195111,0.0111,0.0111,1445.0111,225.0111,214.0111,122.0111,684.0111
3050.0111,80.0110371,8.0111,360.0111,59.0111,5638.0111,231.0111,225.0111,127.0111,4978.0111
2858.1490111,125.0111,8.0111,268.0111,7.0111,3288.0111,233.0111,235.0111,134.0111,3034.0111
2854.1490111,163.0111,9.0111,285.0111,5.0111,3246.0111,229.0111,243.0111,146.0111,2974.0111
3047.0111131,56.0111,11.0111,95.0111,29.0111,3182.0111,227.0111,218.0111,123.0111,5994.0111
2873.0138111,351.0111,6.0111,201.0111,11.0111,3459.0111,210.0111,230.0111,159.0111,3242.0111
2680.0111,23.0122611,12.0111,0.0111,0.0111,1511.0111,213.0111,214.0111,136.0111,730.0111
2676.0111,9.0122611,14.0111,30.0111,2.0111,1481.0111,204.0111,212.0111,144.0111,700.0111
2678.0111,9.0122611,15.0111,42.0111,7.0111,1421.0111,202.0111,209.0111,142.0111,641.0111
2839.0111,120.1020111,9.0111,190.0111,23.0111,3055.0111,236.0111,233.0111,128.0111,2612.0111
2792.0111,86.0168111,7.0111,228.0111,4.0111,2862.0111,230.0111,229.0111,132.0111,2282.0111
3103.0101411,74.0111,11.0111,201.0111,49.0111,2870.0111,233.0111,219.0111,116.0111,5920.0111
2995.0111,6.0111,14.1100111,201.0111,13.0111,5167.0111,202.0111,213.0111,146.0111,4670.0111
2702.1880111,90.0111,1.0111,0.0111,0.0111,1727.0111,221.0111,236.0111,151.0111,932.0111
2991.0111,282.0111,8.1100111,268.0111,32.0111,5024.0111,198.0111,241.0111,182.0111,4582.0111
3004.0111,31.0111,6.1100111,180.0111,13.0111,5222.0111,219.0111,228.0111,145.0111,4624.0111
2919.0114711,117.0111,6.0111,150.0111,0.0111,3903.0111,231.0111,234.0111,136.0111,6349.0111
2945.0111,258.0111111,14.0111,376.0111,45.0111,5535.0111,186.0111,247.0111,199.0111,5134.0111
3054.0111,270.0110371,1.0111,390.0111,63.0111,5742.0111,215.0111,239.0111,161.0111,4830.0111
2978.0111,75.0111111,5.0111,295.0111,50.0111,4847.0111,227.0111,230.0111,137.0111,4455.0111
2915.0111,81.0085111,8.0111,0.0111,0.0111,4345.0111,231.0111,226.0111,128.0111,4260.0111
2756.04111,30.0111,4.0111,150.0111,2.0111,2571.0111,218.0111,231.0111,149.0111,1770.0111
2717.1880111,155.0111,4.0111,0.0111,0.0111,2037.0111,224.0111,240.0111,150.0111,1230.0111
2928.0111,315.0111,1.0102111,150.0111,23.0111,4194.0111,215.0111,237.0111,160.0111,4050.0111
2770.0112051,95.0111,3.0111,258.0111,7.0111,2813.0111,224.0111,235.0111,147.0111,2011.0111
2656.0111,77.0122611,23.0111,283.0111,-23.0111,1320.0111,242.0111,190.0111,66.0111,518.0111
2750.04111,124.0111,5.0111,150.0111,9.0111,2370.0111,229.0111,236.0111,140.0111,1565.0111
2907.0114711,45.0111,7.0111,350.0111,13.0111,4041.0111,222.0111,225.0111,138.0111,3783.0111
2781.0112051,65.0111,13.0111,42.0111,6.0111,3162.0111,232.0111,214.0111,112.0111,2465.0111
2715.0111,203.0510111,5.0111,124.0111,-1.0111,1920.0111,217.0111,245.0111,164.0111,1120.0111
2968.0111,338.0111111,11.0111,216.0111,23.0111,3426.0111,196.0111,225.0111,167.0111,6508.0111
2739.04111,130.0111,8.0111,134.0111,26.0111,2160.0111,234.0111,236.0111,133.0111,1366.0111
2922.0114711,129.0111,3.0111,218.0111,18.0111,4283.0111,225.0111,237.0111,147.0111,4027.0111
2792.0111,101.0168111,6.0111,108.0111,29.0111,3180.0111,230.0111,232.0111,135.0111,2442.0111
3064.0111,90.0110371,8.0111,371.0111,23.0111,2822.0111,232.0111,228.0111,129.0111,6357.0111
3041.0111,243.0110371,14.0111,513.0111,50.0111,5911.0111,192.0111,250.0111,195.0111,4636.0111
2888.0114711,32.0111,8.0111,470.0111,72.0111,3700.0111,219.0111,224.0111,141.0111,3164.0111
3080.0111,180.0110371,1.0111,247.0111,39.0111,2715.0111,219.0111,239.0111,157.0111,6347.0111
2613.0111,132.0111,27.0195111,170.0111,55.0111,1260.0111,251.0111,215.0111,73.0111,558.0111
2978.0111,135.0111111,4.0111,108.0111,13.0111,3247.0111,226.0111,238.0111,146.0111,6576.0111
2952.0111051,353.0111,12.0111,0.0111,0.0111,4928.0111,200.0111,219.0111,157.0111,4105.0111
2773.0112051,81.0111,14.0111,108.0111,24.0111,3019.0111,238.0111,215.0111,106.0111,2338.0111
3057.0111,90.0110371,8.0111,390.0111,16.0111,2783.0111,232.0111,228.0111,129.0111,6452.0111
3064.0111,45.0110371,16.0111,228.0111,60.0111,5623.0111,223.0111,203.0111,110.0111,4361.0111
2742.04111,174.0111,9.0111,268.0111,23.0111,2455.0111,226.0111,245.0111,152.0111,1725.0111
2677.0111,167.0122611,16.0111,85.0111,9.0111,1680.0111,231.0111,244.0111,140.0111,953.0111
2567.0111,140.0111,18.0112261,60.0111,9.0111,1110.0111,244.0111,232.0111,110.0111,492.0111
2739.04111,142.0111,6.0111,228.0111,20.0111,2465.0111,229.0111,239.0111,143.0111,1761.0111
3001.0111,267.0110371,14.0111,641.0111,101.0111,5749.0111,182.0111,245.0111,201.0111,4570.0111
3014.0111,5.0111,31.1100111,95.0111,54.0111,4950.0111,165.0111,164.0111,123.0111,3973.0111
2584.0111,343.0111,13.0112261,150.0111,39.0111,812.0111,192.0111,219.0111,165.0111,480.0111
2902.0111,104.0120111,6.0111,558.0111,89.0111,3643.0111,230.0111,233.0111,136.0111,3107.0111
3047.0111,155.0110371,9.0111,424.0111,85.0111,2760.0111,231.0111,241.0111,142.0111,6661.0111
2909.0114711,212.0111,6.0111,212.0111,50.0111,4092.0111,215.0111,246.0111,168.0111,3586.0111
2910.0114711,198.0111,5.0111,234.0111,51.0111,4063.0111,218.0111,244.0111,161.0111,3556.0111
3011.0111,108.0111,10.0111,212.0103111,36.0111,2912.0111,237.0111,229.0111,122.0111,6632.0111
2998.0111,68.0111,8.1100111,124.0111,23.0111,2987.0111,228.0111,225.0111,130.0111,6557.0111
3011.0111,263.0110371,12.0111,674.0111,111.0111,5753.0111,189.0111,246.0111,196.0111,4386.0111
3008.0111,24.0111,12.0111,309.0103111,36.0111,5353.0111,213.0111,214.0111,135.0111,3950.0111
3004.0111,18.0111,10.1100111,192.0111,29.0111,5232.0111,212.0111,219.0111,143.0111,3899.0111
3031.0111,81.0110371,6.0111,513.0111,27.0111,5542.0111,228.0111,230.0111,136.0111,4002.0111
2939.0111,288.0111111,5.0111,379.0111,39.0111,5448.0111,207.0111,239.0111,171.0111,4506.0111
2949.0111,277.0111111,12.0111,437.0111,49.0111,5506.0111,186.0111,242.0111,195.0111,4471.0111
3028.0111131,323.0111,9.0111,242.0111,53.0111,5079.0111,196.0111,230.0111,174.0111,3771.0111
2900.0111,315.0085111,1.0111,90.0111,0.0111,5152.0111,216.0111,237.0111,159.0111,4667.0111
2932.0111,96.0111,7.0102111,247.0111,17.0111,3861.0111,232.0111,229.0111,129.0111,5585.0111
2909.0114711,72.0111,5.0111,324.0111,5.0111,4554.0111,226.0111,230.0111,138.0111,5006.0111
2909.0114711,0.0111,3.0111,350.0111,5.0111,4582.0111,215.0111,233.0111,156.0111,4985.0111
2900.0111,180.0085111,3.0111,300.0111,-2.0111,4725.0111,220.0111,241.0111,156.0111,4880.0111
2867.0138111,143.0111,12.0111,437.0111,114.0111,3363.0111,237.0111,237.0111,129.0111,2963.0111
3047.0101411,356.0111,10.0111,618.0111,75.0111,5664.0111,204.0111,222.0111,156.0111,3811.0111
2617.0111,15.0111,14.0195111,30.0111,0.0111,1652.0111,207.0111,211.0111,139.0111,1383.0111
2998.0111,340.0111,7.0111,108.0103111,16.0111,2978.0111,205.0111,230.0111,163.0111,6224.0111
2962.0111,276.0111,7.1100111,497.0111,47.0111,3610.0111,201.0111,242.0111,179.0111,5658.0111
2759.0112051,160.0111,12.0111,120.0111,35.0111,2782.0111,233.0111,242.0111,139.0111,2462.0111
2646.0111,9.0111,33.0195111,60.0111,9.0111,1771.0111,165.0111,156.0111,112.0111,1518.0111
3027.0101411,217.0111,17.0111,700.0111,127.0111,5844.0111,201.0111,254.0111,185.0111,4011.0111
2963.0111051,121.0111,13.0111,175.0111,0.0111,4557.0111,241.0111,229.0111,116.0111,3360.0111
2919.0114711,117.0111,15.0111,175.0111,33.0111,4375.0111,244.0111,225.0111,106.0111,3311.0111
2690.1880111,343.0111,24.0111,120.0111,34.0111,1816.0111,163.0111,195.0111,165.0111,1645.0111
2660.0111,3.0122611,9.0111,297.0111,60.0111,1307.0111,207.0111,222.0111,152.0111,1249.0111
2955.0111,235.0111,21.1100111,451.0111,55.0111,5590.0111,180.0111,253.0111,205.0111,4074.0111
2953.0111,120.0120111,13.0111,134.0111,3.0111,4518.0111,241.0111,229.0111,115.0111,3297.0111
2887.0138111,124.0111,17.0111,95.0111,13.0111,4252.0111,246.0111,226.0111,102.0111,3273.0111
3014.0111,338.0111,8.0111,150.0103111,23.0111,2888.0111,202.0111,228.0111,165.0111,6169.0111
2995.0111,62.0111,11.0111,484.0103111,17.0111,3209.0111,230.0111,216.0111,118.0111,5849.0111
2965.0111051,142.0111,6.0111,0.0111,0.0111,4778.0111,229.0111,239.0111,143.0111,3283.0111
2982.0111,47.0111,9.1100111,437.0111,-7.0111,3387.0111,223.0111,220.0111,131.0111,5641.0111
2739.0112051,311.0111,10.0111,270.0111,80.0111,1765.0111,193.0111,233.0111,180.0111,1742.0111
2983.0111,5.0111,5.1100111,400.0111,-6.0111,3406.0111,213.0111,230.0111,154.0111,5600.0111
2916.0111,243.0111,3.0102111,335.0111,16.0111,5442.0111,213.0111,242.0111,166.0111,4030.0111
3047.0111,135.0111,3.0111961,932.0111,141.0111,5900.0111,224.0111,238.0111,149.0111,3591.0111
2751.04111,270.0111,2.0111,0.0111,0.0111,3068.0111,214.0111,239.0111,163.0111,2912.0111
2690.04111,318.0111,7.0111,514.0111,78.0111,967.0111,202.0111,234.0111,171.0111,1310.0111
2599.0111,89.0111,10.0112261,30.0111,-1.0111,558.0111,235.0111,224.0111,120.0111,1233.0111
2919.0111,264.0120111,7.0111,408.0111,19.0111,5490.0111,202.0111,244.0111,181.0111,3945.0111
2975.0111131,253.0111,12.0111,616.0111,59.0111,5780.0111,193.0111,248.0111,193.0111,3739.0111
2617.0111,83.0111,9.0195111,127.0111,16.0111,573.0111,233.0111,224.0111,122.0111,1290.0111
2574.0111,92.0111,7.0112261,0.0111,0.0111,408.0111,232.0111,229.0111,129.0111,1318.0111
2939.0111,19.0111,11.0102111,60.0111,7.0111,3980.0111,212.0111,217.0111,141.0111,5016.0111
2915.0111,45.0085111,10.0111,60.0111,0.0111,4397.0111,223.0111,218.0111,129.0111,3018.0111
2765.0112051,41.0111,5.0111,0.0111,0.0111,3263.0111,221.0111,229.0111,144.0111,3107.0111
2784.0111,348.0168111,13.0111,170.0111,37.0111,2758.0111,194.0111,217.0111,161.0111,2687.0111
2850.1490111,108.0111,22.0111,42.0111,14.0111,3976.0111,251.0111,210.0111,76.0111,2971.0111
2919.0111,236.0111,7.0102111,350.0111,16.0111,5470.0111,208.0111,246.0111,176.0111,3853.0111
2995.0111,233.0110371,14.0111,638.0111,89.0111,5932.0111,196.0111,252.0111,191.0111,3487.0111
2817.0111,32.1020111,15.0111,390.0111,74.0111,2561.0111,216.0111,207.0111,124.0111,2613.0111
2932.0111051,18.0111,2.0111,485.0111,13.0111,4326.0111,217.0111,234.0111,154.0111,4597.0111
2826.1490111,11.0111,7.0111,366.0111,73.0111,2648.0111,213.0111,225.0111,150.0111,2704.0111
2795.0111,47.1020111,10.0111,451.0111,95.0111,2260.0111,224.0111,219.0111,129.0111,2389.0111
2760.0111,62.0168111,5.0111,547.0111,66.0111,1842.0111,224.0111,230.0111,142.0111,2079.0111
2700.0111,76.0510111,9.0111,433.0111,-15.0111,1124.0111,231.0111,224.0111,126.0111,1691.0111
3001.0111,238.0110371,9.0111,592.0111,92.0111,5966.0111,204.0111,248.0111,181.0111,3379.0111
2699.0111,165.0510111,3.0111,390.0111,2.0111,908.0111,222.0111,240.0111,154.0111,1670.0111
2730.0111,79.0510111,6.0111,270.0111,14.0111,1353.0111,228.0111,229.0111,135.0111,1883.0111
2655.0111,82.0122611,8.0111,384.0111,104.0111,607.0111,232.0111,225.0111,126.0111,1634.0111
2644.0111,46.0111,14.0195111,319.0111,93.0111,518.0111,224.0111,209.0111,116.0111,1624.0111
2998.0111131,252.0111,12.0111,553.0111,89.0111,5940.0111,193.0111,248.0111,193.0111,3271.0111
2854.0138111,28.0111,8.0111,446.0111,99.0111,2791.0111,217.0111,223.0111,141.0111,2912.0111
2809.0111,63.1020111,8.0111,458.0111,36.0111,2251.0111,228.0111,223.0111,128.0111,2486.0111
2633.0111,94.0111,19.0195111,258.0111,82.0111,454.0111,246.0111,208.0111,84.0111,1651.0111
2588.0111,152.0111,10.0112261,182.0111,47.0111,277.0111,233.0111,240.0111,138.0111,1654.0111
2811.0111,84.1020111,10.0111,433.0111,38.0111,2250.0111,234.0111,224.0111,121.0111,2506.0111
2926.0111,208.0111,15.0102111,300.0111,20.0111,5633.0111,208.0111,253.0111,176.0111,3446.0111
2839.0138111,71.0111,14.0111,488.0111,66.0111,2370.0111,235.0111,213.0111,107.0111,2616.0111
2689.1880111,179.0111,11.0111,210.0111,2.0111,932.0111,225.0111,247.0111,153.0111,1851.0111
3015.0111,66.0111,19.0111,335.0103111,22.0111,3777.0111,235.0111,199.0111,88.0111,4847.0111
2995.0111,62.0111,14.1100111,362.0111,5.0111,3836.0111,231.0111,211.0111,109.0111,4795.0111
2938.0111,159.0120111,7.0111,285.0111,22.0111,4891.0111,228.0111,242.0111,146.0111,2656.0111
2929.0114711,130.0111,8.0111,150.0111,17.0111,4651.0111,233.0111,236.0111,135.0111,2590.0111
2851.0138111,107.0111,11.0111,458.0111,78.0111,2402.0111,238.0111,227.0111,119.0111,2698.0111
2949.0111051,122.0111,14.0111,379.0111,28.0111,5131.0111,242.0111,229.0111,113.0111,2714.0111
2596.0111,33.0111,14.0195111,335.0111,66.0111,150.0111,216.0111,209.0111,125.0111,1321.0111
2939.0111,45.0120111,8.0111,306.0111,26.0111,4602.0111,223.0111,222.0111,134.0111,4080.0111
2805.0111,44.0168111,17.0111,170.0111,32.0111,1902.0111,222.0111,200.0111,108.0111,2436.0111
3074.0111,52.0110371,9.0111,42.0111,4.0111,3105.0111,225.0111,221.0111,130.0111,5353.0111
2932.0111,54.0111,16.0102111,283.0111,119.0111,3578.0111,228.0111,203.0111,104.0111,2418.0111
2868.1490111,29.0111,20.0111,95.0111,33.0111,3369.0111,209.0111,192.0111,112.0111,2468.0111
2864.0138111,128.0111,8.0111,451.0111,63.0111,2741.0111,234.0111,235.0111,133.0111,2713.0111
2946.0111051,352.0111,14.0111,170.0111,35.0111,4298.0111,195.0111,216.0111,158.0111,2352.0111
3021.0111,25.0110371,12.0111,564.0111,21.0111,3847.0111,213.0111,213.0111,134.0111,4662.0111
3018.0111,49.0110371,14.0111,631.0111,22.0111,3936.0111,225.0111,208.0111,114.0111,4569.0111
2863.0138111,193.0111,6.0111,390.0111,62.0111,2869.0111,220.0111,245.0111,161.0111,2577.0111
2978.0111,156.0111,6.0111,524.0103111,61.0111,5532.0111,228.0111,241.0111,147.0111,2688.0111
2945.0111051,63.0111,12.0111,324.0111,110.0111,3561.0111,230.0111,215.0111,116.0111,2278.0111
2618.0111,7.0111,18.0195111,170.0111,47.0111,458.0111,196.0111,202.0111,140.0111,1866.0111
2968.0111,120.0111111,9.0111,365.0111,51.0111,5386.0111,236.0111,232.0111,127.0111,2557.0111
2734.04111,93.0111,5.0111,277.0111,16.0111,1645.0111,228.0111,232.0111,138.0111,2445.0111
2728.0111,83.0510111,11.0111,277.0111,19.0111,1587.0111,236.0111,220.0111,114.0111,2416.0111
2762.0112051,190.0111,5.0111,30.0111,-3.0111,1972.0111,220.0111,244.0111,159.0111,2647.0111
2922.0111,270.0111,5.0102111,120.0111,9.0111,4843.0111,207.0111,241.0111,173.0111,3582.0111
2926.0114711,61.0111,11.0111,90.0111,9.0111,5123.0111,229.0111,218.0111,121.0111,2375.0111
2962.0111,346.0111,6.0111,518.0103111,45.0111,5549.0111,209.0111,231.0111,160.0111,2514.0111
2624.0111,183.0111,27.0195111,60.0111,22.0111,1195.0111,215.0111,245.0111,145.0111,2374.0111
2917.0114711,107.0111,5.0111,210.0111,33.0111,3413.0111,229.0111,234.0111,139.0111,2125.0111
2644.0111,345.0122611,3.0111,85.0111,-4.0111,509.0111,214.0111,235.0111,159.0111,1426.0111
2645.0111,45.0111,4.0195111,134.0111,-3.0111,467.0111,221.0111,230.0111,145.0111,1368.0111
3024.0111131,24.0111,16.0111,297.0111,26.0111,4116.0111,210.0111,204.0111,127.0111,4161.0111
2651.0111,40.0111,14.0195111,242.0111,4.0111,641.0111,220.0111,208.0111,119.0111,1783.0111
2936.0111,231.0120111,7.0111,285.0111,30.0111,5773.0111,210.0111,246.0111,174.0111,2571.0111
2813.0111,127.0168111,14.0111,60.0111,12.0111,2845.0111,243.0111,230.0111,112.0111,2313.0111
2617.0111,344.0111,19.0195111,30.0111,6.0111,1307.0111,178.0111,206.0111,165.0111,2506.0111
2952.0111051,281.0111,5.0111,212.0111,33.0111,4824.0111,206.0111,240.0111,173.0111,2022.0111
2968.0111,286.0111,17.1100111,283.0111,41.0111,4735.0111,171.0111,237.0111,206.0111,1992.0111
2992.0111,228.0111,6.0111,458.0103111,79.0111,4439.0111,211.0111,246.0111,172.0111,1919.0111
2976.0111,124.0111111,9.0111,277.0111,39.0111,4173.0111,235.0111,234.0111,129.0111,1891.0111
2796.0111,131.0168111,9.0111,0.0111,0.0111,2794.0111,235.0111,235.0111,132.0111,2323.0111
2955.0111,311.0111,9.1100111,421.0111,49.0111,5660.0111,196.0111,234.0111,177.0111,2428.0111
2917.0111,175.0085111,13.0111,30.0111,0.0111,3707.0111,227.0111,247.0111,149.0111,1907.0111
2821.0111,72.1020111,20.0111,90.0111,20.0111,2889.0111,238.0111,198.0111,82.0111,2247.0111
2794.0111,179.0168111,20.0111,124.0111,29.0111,2629.0111,224.0111,247.0111,147.0111,2408.0111
2661.0111,266.0122611,4.0111,67.0111,4.0111,631.0111,210.0111,241.0111,169.0111,1499.0111
2793.0111,119.0168111,17.0111,30.0111,-2.0111,2810.0111,247.0111,222.0111,97.0111,2274.0111
2976.0111,315.0111,19.1100111,319.0111,58.0111,4779.0111,165.0111,220.0111,194.0111,1917.0111
2807.0111,115.0168111,21.0111,85.0111,11.0111,2876.0111,251.0111,214.0111,81.0111,2215.0111
3109.0111,87.0111,13.0111961,446.0111,16.0111,3469.0111,239.0111,218.0111,108.0111,4669.0111
3109.0101411,53.0111,7.0111,362.0111,42.0111,3774.0111,224.0111,224.0111,134.0111,4310.0111
2792.0112051,109.0111,19.0111,67.0111,8.0111,2856.0111,249.0111,214.0111,85.0111,2208.0111
2775.0112051,121.0111,16.0111,30.0111,-3.0111,2799.0111,246.0111,225.0111,103.0111,2244.0111
3113.0101411,14.0111,13.0111,376.0111,23.0111,3684.0111,207.0111,213.0111,141.0111,4380.0111
2919.0111051,341.0111,9.0111,467.0111,3.0111,4830.0111,202.0111,228.0111,164.0111,3187.0111
2757.04111,129.0111,12.0111,0.0111,0.0111,2751.0111,240.0111,232.0111,120.0111,2259.0111
2952.0111051,41.0111,14.0111,335.0111,13.0111,4604.0111,221.0111,208.0111,119.0111,3375.0111
2764.0112051,91.0111,15.0111,42.0111,7.0111,2789.0111,242.0111,216.0111,100.0111,2216.0111
2753.04111,109.0111,19.0111,60.0111,-3.0111,2771.0111,248.0111,216.0111,88.0111,2213.0111
2744.04111,122.0111,19.0111,30.0111,1.0111,2742.0111,248.0111,222.0111,94.0111,2232.0111
2736.0111,138.0510111,18.0111,0.0111,0.0111,2714.0111,244.0111,231.0111,109.0111,2252.0111
2954.0111051,156.0111,10.0111,301.0111,79.0111,4308.0111,232.0111,242.0111,141.0111,1657.0111
2662.0111,138.0111,23.0195111,30.0111,8.0111,2173.0111,248.0111,225.0111,93.0111,2588.0111
2988.0111,69.0111,14.1100111,228.0111,3.0111,4298.0111,234.0111,211.0111,106.0111,3596.0111
2965.0111,72.0111111,14.0111,361.0111,6.0111,4509.0111,235.0111,212.0111,105.0111,3383.0111
2663.0111,118.0122611,21.0111,30.0111,11.0111,2214.0111,250.0111,217.0111,84.0111,2546.0111
2600.0111,64.0111,10.0112261,247.0111,33.0111,277.0111,230.0111,219.0111,122.0111,1195.0111
2942.0111,71.0111111,16.0111,499.0111,3.0111,4656.0111,236.0111,208.0111,99.0111,3211.0111
2718.1880111,90.0111,18.0111,30.0111,-2.0111,2719.0111,244.0111,209.0111,87.0111,2207.0111
2695.1880111,168.0111,19.0111,30.0111,-1.0111,2608.0111,231.0111,244.0111,135.0111,2291.0111
2669.0111,31.0122611,3.0111,342.0111,17.0111,696.0111,219.0111,233.0111,151.0111,1559.0111
2753.04111,103.0111,20.0111,108.0111,24.0111,2813.0111,249.0111,210.0111,80.0111,2123.0111
2721.1880111,101.0111,18.0111,42.0111,13.0111,2730.0111,247.0111,213.0111,88.0111,2185.0111
2686.0111,142.0122611,10.0111,0.0111,0.0111,2592.0111,235.0111,238.0111,132.0111,2293.0111
2676.0111,119.0122611,5.0111,0.0111,0.0111,2483.0111,228.0111,235.0111,141.0111,2352.0111
2610.0111,135.0111,6.0195111,272.0111,13.0111,323.0111,230.0111,237.0111,141.0111,1256.0111
2706.1880111,137.0111,18.0111,60.0111,-1.0111,2714.0111,245.0111,230.0111,106.0111,2185.0111
2709.0111,323.0510111,24.0111,127.0111,59.0111,2125.0111,153.0111,208.0111,191.0111,2563.0111
2676.1880111,66.0111,3.0111,391.0111,24.0111,883.0111,222.0111,233.0111,147.0111,1745.0111
3201.0111,70.0111,8.0111,331.0107511,59.0111,2908.0111,229.0111,225.0111,129.0111,5058.0111
2688.0111,120.0122611,7.0111,30.0111,3.0111,2644.0111,232.0111,235.0111,136.0111,2227.0111
2685.0111,11.0122611,2.0111,30.0111,4.0111,2617.0111,217.0111,234.0111,155.0111,2241.0111
2684.1880111,347.0111,6.0111,0.0111,0.0111,2630.0111,208.0111,230.0111,160.0111,2215.0111
2714.0111,329.0510111,25.0111,127.0111,45.0111,2207.0111,153.0111,202.0111,184.0111,2479.0111
2766.0112051,38.0111,5.0111,85.0111,-3.0111,1813.0111,220.0111,228.0111,144.0111,2800.0111
2695.1880111,101.0111,10.0111,0.0111,0.0111,2778.0111,237.0111,227.0111,120.0111,2101.0111
2690.0111,35.0122611,6.0111,0.0111,0.0111,2751.0111,219.0111,227.0111,144.0111,2123.0111
2769.0112051,7.0111,9.0111,67.0111,0.0111,1832.0111,209.0111,222.0111,150.0111,2780.0111
2795.0111,126.0168111,24.0111,153.0111,23.0111,3259.0111,252.0111,215.0111,76.0111,1740.0111
2740.0112051,332.0111,27.0111,175.0111,70.0111,2239.0111,146.0111,194.0111,181.0111,2432.0111
3009.0111131,238.0111,7.0111,446.0111,42.0111,5071.0111,207.0111,246.0111,177.0111,1631.0111
2964.0111051,84.0111,19.0111,124.0111,32.0111,4607.0111,243.0111,204.0111,83.0111,1434.0111
2783.0111,332.0168111,30.0111,255.0111,114.0111,2180.0111,138.0111,188.0111,181.0111,2467.0111
2781.0112051,56.0111,9.0111,190.0111,5.0111,1987.0111,226.0111,222.0111,130.0111,2630.0111
2775.0112051,40.0111,8.0111,134.0111,0.0111,1940.0111,221.0111,223.0111,137.0111,2673.0111
2781.0112051,39.0111,3.0111,60.0111,11.0111,1871.0111,220.0111,232.0111,149.0111,2739.0111
2593.0111,7.0111,8.0112261,85.0111,-5.0111,335.0111,211.0111,225.0111,151.0111,1279.0111
3149.0111,120.0111,13.0111961,150.0111,33.0111,3438.0111,242.0111,229.0111,114.0111,4269.0111
3044.0111,345.0110371,5.0111,342.0111,20.0111,4119.0111,209.0111,231.0111,160.0111,3538.0111
2919.0114711,76.0111,4.0111,228.0111,6.0111,4914.0111,225.0111,232.0111,143.0111,2754.0111
2786.0112051,52.0111,11.0111,182.0111,10.0111,2005.0111,226.0111,216.0111,123.0111,2609.0111
2780.0112051,13.0111,8.0111,124.0111,4.0111,1959.0111,212.0111,223.0111,148.0111,2652.0111
2780.0111,350.0168111,9.0111,95.0111,4.0111,1936.0111,203.0111,224.0111,160.0111,2674.0111
2872.1490111,79.0111,9.0111,0.0111,0.0111,4336.0111,232.0111,224.0111,124.0111,1323.0111
2796.0111,27.0168111,2.0111,240.0111,20.0111,2071.0111,218.0111,234.0111,153.0111,2546.0111
2790.0111,54.0168111,10.0111,180.0111,14.0111,2024.0111,226.0111,218.0111,125.0111,2588.0111
2769.0112051,107.0111,11.0111,95.0111,12.0111,1663.0111,238.0111,227.0111,119.0111,2869.0111
2719.0111,48.0510111,7.0111,361.0111,33.0111,1290.0111,223.0111,224.0111,136.0111,2177.0111
2763.0112051,357.0111,23.0111,201.0111,66.0111,2728.0111,177.0111,192.0111,147.0111,2032.0111
3011.0111,73.0110371,9.0111,659.0111,7.0111,4341.0111,231.0111,223.0111,124.0111,3215.0111
2955.0111,65.0111111,13.0111,481.0111,42.0111,4590.0111,232.0111,214.0111,112.0111,2967.0111
3149.0111,135.0111,7.0111961,67.0111,7.0111,3282.0111,231.0111,237.0111,138.0111,4310.0111
2808.0111,112.0168111,9.0111,0.0111,0.0111,4034.0111,235.0111,231.0111,127.0111,1230.0111
2811.0111,352.1020111,13.0111,228.0111,35.0111,2145.0111,198.0111,218.0111,158.0111,2464.0111
3205.0111,60.0111,5.0111,570.0107511,63.0111,2797.0111,224.0111,229.0111,140.0111,4817.0111
2892.0138111,48.0111,23.0111,150.0111,51.0111,4337.0111,222.0111,183.0111,85.0111,1140.0111
2922.0111,293.0111,14.0102111,283.0111,6.0111,5205.0111,179.0111,236.0111,197.0111,2218.0111
2828.0138111,352.0111,23.0111,424.0111,143.0111,2556.0111,174.0111,194.0111,154.0111,2086.0111
2598.0111,327.0111,7.0195111,30.0111,0.0111,582.0111,204.0111,233.0111,168.0111,1482.0111
2972.0111,348.0111,10.0111,402.0103111,7.0111,4565.0111,201.0111,223.0111,161.0111,2880.0111
2834.0138111,348.0111,26.0111,430.0111,139.0111,2647.0111,163.0111,188.0111,157.0111,2005.0111
2810.0111,42.1020111,14.0111,300.0111,64.0111,1666.0111,222.0111,209.0111,120.0111,2620.0111
2684.0111,141.0122611,17.0111,30.0111,-1.0111,1107.0111,243.0111,233.0111,113.0111,2047.0111
2613.0111,39.0111,9.0112261,42.0111,4.0111,685.0111,221.0111,219.0111,133.0111,1626.0111
2647.0111,234.0122611,2.0111,323.0111,18.0111,726.0111,216.0111,241.0111,162.0111,1299.0111
2667.1880111,95.0111,9.0111,541.0111,13.0111,691.0111,234.0111,227.0111,124.0111,1293.0111
2942.0111,305.0111111,8.0111,379.0111,13.0111,5232.0111,198.0111,236.0111,177.0111,2110.0111
2971.0111,340.0111111,15.0111,85.0111,18.0111,4734.0111,187.0111,217.0111,168.0111,1131.0111
2822.0111,308.1020111,5.0111,234.0111,66.0111,1758.0111,205.0111,237.0111,171.0111,2765.0111
2661.0111,60.0111,11.0195111,30.0111,-6.0111,1045.0111,229.0111,216.0111,119.0111,1996.0111
2687.0111,338.0510111,10.0111,437.0111,34.0111,792.0111,198.0111,226.0111,167.0111,1350.0111
3103.0111,85.0111,8.0111961,524.0111,-5.0111,3805.0111,232.0111,227.0111,128.0111,3589.0111
3034.0111,50.0110371,22.0111,531.0111,16.0111,4252.0111,224.0111,186.0111,86.0111,3131.0111
2682.0111,28.0122611,19.0111,60.0111,6.0111,1110.0111,209.0111,194.0111,115.0111,2060.0111
2876.0111,343.0111,22.0102111,532.0111,181.0111,2742.0111,171.0111,201.0111,165.0111,1894.0111
2802.1490111,358.0111,6.0111,433.0111,50.0111,1718.0111,210.0111,228.0111,156.0111,2630.0111
2958.0111,39.0111111,25.0111,351.0111,134.0111,4440.0111,211.0111,176.0111,87.0111,932.0111
2890.0114711,20.0111,16.0111,430.0111,182.0111,2954.0111,208.0111,205.0111,131.0111,1723.0111
2707.1880111,5.0111,18.0111,42.0111,6.0111,1242.0111,195.0111,203.0111,143.0111,2190.0111
2706.1880111,9.0111,21.0111,108.0111,14.0111,1172.0111,192.0111,194.0111,134.0111,2123.0111
2702.1880111,27.0111,22.0111,120.0111,21.0111,1149.0111,205.0111,188.0111,111.0111,2101.0111
2686.0111,29.0122611,23.0111,95.0111,36.0111,1082.0111,205.0111,184.0111,106.0111,2036.0111
2727.0111,52.0510111,17.0111,0.0111,0.0111,1332.0111,226.0111,202.0111,103.0111,2278.0111
2720.1880111,36.0111,17.0111,30.0111,0.0111,1308.0111,217.0111,201.0111,114.0111,2255.0111
2733.0111,44.0510111,13.0111,30.0111,-1.0111,1350.0111,222.0111,210.0111,120.0111,2297.0111
2724.04111,349.0111,15.0111,67.0111,4.0111,1302.0111,191.0111,213.0111,160.0111,2252.0111
2619.0111,13.0111,4.0195111,42.0111,3.0111,819.0111,215.0111,231.0111,152.0111,1691.0111
3195.0111,83.0111,11.0111,366.0107511,53.0111,2952.0111,235.0111,221.0111,116.0111,4401.0111
3139.0111,106.0111,6.0111961,531.0111,13.0111,3599.0111,231.0111,232.0111,135.0111,3690.0111
2929.0111,44.0111111,16.0111,591.0111,65.0111,2698.0111,222.0111,204.0111,112.0111,1911.0111
2849.1490111,293.0111,22.0111,120.0111,44.0111,2115.0111,154.0111,229.0111,213.0111,2646.0111
2733.0111,90.0510111,5.0111,60.0111,-1.0111,1364.0111,227.0111,232.0111,139.0111,2315.0111
2803.0111,333.1020111,20.0111,182.0111,56.0111,3721.0111,170.0111,210.0111,177.0111,1124.0111
2931.0111,4.0111,12.1100111,579.0111,215.0111,3018.0111,204.0111,218.0111,150.0111,1621.0111
2871.0138111,82.0111,14.0111,228.0111,47.0111,2385.0111,238.0111,215.0111,105.0111,2271.0111
2737.0111,99.0510111,13.0111,30.0111,-5.0111,1406.0111,241.0111,221.0111,108.0111,2357.0111
2730.0111,135.0510111,1.0111,60.0111,-9.0111,1383.0111,220.0111,238.0111,155.0111,2335.0111
2653.0111,332.0122611,13.0111,190.0111,43.0111,900.0111,190.0111,224.0111,173.0111,1722.0111
2655.04111,21.0111,13.0111,741.0111,45.0111,630.0111,211.0111,212.0111,135.0111,1652.0111
2659.0111,332.0122611,13.0111,201.0111,43.0111,930.0111,190.0111,224.0111,173.0111,1749.0111
2665.0111,0.0122611,10.0111,190.0111,32.0111,930.0111,206.0111,222.0111,154.0111,1728.0111
2871.0138111,92.0111,32.0111,218.0111,97.0111,4173.0111,249.0111,174.0111,28.0111,792.0111
2988.0111,217.0111,7.0111,446.0103111,72.0111,5467.0111,212.0111,247.0111,171.0111,1437.0111
2920.0111051,316.0111,29.0111,433.0111,186.0111,3511.0111,133.0111,202.0111,203.0111,1265.0111
2718.0111,63.0510111,17.0111,242.0111,78.0111,1142.0111,233.0111,204.0111,98.0111,2082.0111
2682.0111,66.0510111,8.0111,547.0111,15.0111,812.0111,228.0111,225.0111,131.0111,1702.0111
2662.04111,324.0111,6.0111,616.0111,52.0111,543.0111,205.0111,233.0111,168.0111,1765.0111
3096.0101411,49.0111,14.0111,242.0111,26.0111,4180.0111,225.0111,208.0111,114.0111,2984.0111
2975.0111131,38.0111,11.0111,633.0111,245.0111,3282.0111,220.0111,216.0111,129.0111,1381.0111
2653.1880111,93.0111,12.0111,511.0111,43.0111,424.0111,239.0111,222.0111,111.0111,1833.0111
2876.0111,314.0085111,26.0111,295.0111,121.0111,3746.0111,142.0111,210.0111,203.0111,1074.0111
2969.0111,35.0111,4.0111,531.0103111,99.0111,2930.0111,219.0111,231.0111,148.0111,1679.0111
2662.1880111,119.0111,10.0111,531.0111,52.0111,481.0111,237.0111,232.0111,125.0111,1841.0111
2919.0111,108.0085111,7.0111,85.0111,3.0111,5022.0111,232.0111,232.0111,133.0111,1841.0111
2738.04111,270.0111,12.0111,30.0111,7.0111,1506.0111,188.0111,244.0111,195.0111,2461.0111
2673.0111,27.0122611,23.0111,30.0111,11.0111,1113.0111,204.0111,183.0111,106.0111,1800.0111
2696.1880111,276.0111,11.0111,120.0111,29.0111,1167.0111,190.0111,242.0111,192.0111,1776.0111
2694.0111,56.0510111,14.0111,480.0111,27.0111,866.0111,228.0111,211.0111,113.0111,1782.0111
3024.0111,56.0111,17.0111,67.0103111,6.0111,4397.0111,229.0111,203.0111,101.0111,2584.0111
2986.0111,174.0111,18.1100111,234.0111,17.0111,4805.0111,228.0111,246.0111,142.0111,644.0111
2860.0111,332.0085111,5.0111,485.0111,105.0111,1964.0111,209.0111,234.0111,163.0111,2905.0111
2690.0111,40.0510111,11.0111,495.0111,-20.0111,800.0111,221.0111,215.0111,127.0111,1820.0111
2987.0111,169.0111,17.1100111,390.0111,43.0111,4629.0111,230.0111,245.0111,139.0111,547.0111
2787.0111,96.0168111,17.0111,218.0111,32.0111,1767.0111,245.0111,214.0111,93.0111,2718.0111
2934.0111,299.0111111,25.0111,418.0111,171.0111,3736.0111,141.0111,221.0111,216.0111,1044.0111
2712.0111,304.0510111,7.0111,190.0111,45.0111,1146.0111,201.0111,237.0111,175.0111,1862.0111
2954.0111,160.0111111,13.0111,390.0111,51.0111,3012.0111,233.0111,242.0111,137.0111,1608.0111
2750.04111,68.0111,7.0111,30.0111,1.0111,1676.0111,227.0111,226.0111,133.0111,2631.0111
3044.0111131,57.0111,16.0111,108.0111,-5.0111,4295.0111,229.0111,206.0111,105.0111,2589.0111
2719.0111,52.0510111,10.0111,371.0111,8.0111,812.0111,226.0111,218.0111,125.0111,1935.0111
2764.0112051,76.0111,7.0111,323.0111,32.0111,1437.0111,229.0111,227.0111,131.0111,2372.0111
3034.0111131,61.0111,17.0111,212.0111,-9.0111,4325.0111,231.0111,202.0111,98.0111,2491.0111
2753.0112051,230.0111,14.0111,175.0111,40.0111,1398.0111,197.0111,252.0111,190.0111,2315.0111
3109.0101411,26.0111,7.0111,30.0111,-3.0111,3947.0111,217.0111,225.0111,144.0111,2962.0111
2936.0111,100.0120111,13.0111,300.0111,20.0111,4687.0111,242.0111,221.0111,107.0111,2012.0111
2875.0111,331.0085111,15.0111,277.0111,43.0111,2506.0111,184.0111,221.0111,176.0111,2402.0111
2878.0138111,273.0111,20.0111,134.0111,61.0111,4085.0111,164.0111,241.0111,215.0111,738.0111
2856.0138111,66.0111,14.0111,371.0111,36.0111,2086.0111,233.0111,211.0111,108.0111,2905.0111
2976.0111,211.0111,7.0111,509.0103111,45.0111,3599.0111,215.0111,247.0111,168.0111,1022.0111
2747.04111,9.0111,6.0111,150.0111,22.0111,1380.0111,214.0111,228.0111,152.0111,2182.0111
2703.1880111,47.0111,8.0111,319.0111,1.0111,666.0111,223.0111,223.0111,134.0111,1813.0111
3073.0111,99.0110371,20.0111,216.0111,-12.0111,4133.0111,248.0111,209.0111,80.0111,2624.0111
2932.0114711,93.0111,9.0111,124.0111,16.0111,4860.0111,235.0111,226.0111,123.0111,342.0111
2889.0111,323.0085111,24.0111,277.0111,43.0111,2605.0111,152.0111,208.0111,191.0111,2315.0111
3146.0111,85.0111,9.0111961,192.0111,33.0111,3755.0111,233.0111,225.0111,124.0111,3099.0111
2651.0111,64.0111,9.0195111,127.0111,3.0111,335.0111,229.0111,221.0111,125.0111,1559.0111
2942.0111051,170.0111,12.0111,323.0111,-45.0111,4552.0111,229.0111,245.0111,147.0111,2051.0111
2534.0111,108.0111,2.0112261,247.0111,13.0111,234.0111,221.0111,237.0111,151.0111,1395.0111
2774.0112051,10.0111,7.0111,306.0111,39.0111,1691.0111,213.0111,227.0111,151.0111,2621.0111
2732.0111,43.0510111,9.0111,0.0111,0.0111,1566.0111,222.0111,220.0111,132.0111,2455.0111
2916.0114711,228.0111,12.0111,67.0111,7.0111,4975.0111,202.0111,251.0111,185.0111,1507.0111
2744.04111,118.0111,18.0111,42.0111,13.0111,1531.0111,248.0111,221.0111,95.0111,2334.0111
2711.1880111,171.0111,6.0111,108.0111,9.0111,845.0111,224.0111,243.0111,153.0111,1803.0111
3021.0111,68.0111,8.0111,201.0103111,26.0111,4134.0111,228.0111,225.0111,130.0111,2493.0111
3032.0111131,87.0111,12.0111,277.0111,71.0111,5328.0111,238.0111,219.0111,109.0111,671.0111
2904.0138111,53.0111,26.0111,30.0111,9.0111,4975.0111,224.0111,176.0111,71.0111,256.0111
2866.0138111,122.0111,6.0111,242.0111,46.0111,2335.0111,230.0111,235.0111,138.0111,2730.0111
2539.0111,24.0111,6.0112261,120.0111,-3.0111,446.0111,217.0111,226.0111,146.0111,1208.0111
2895.0111,357.0085111,13.0111,60.0111,10.0111,4236.0111,198.0111,215.0111,154.0111,514.0111
2903.0111,146.0111,10.0102111,443.0111,42.0111,2766.0111,234.0111,239.0111,135.0111,2219.0111
3086.0101411,123.0111,10.0111,319.0111,36.0111,3684.0111,237.0111,233.0111,127.0111,2970.0111
3083.0111,45.0110371,5.0111,256.0111,49.0111,3776.0111,221.0111,229.0111,143.0111,2850.0111
2924.0114711,9.0111,6.0111,255.0111,50.0111,3095.0111,213.0111,227.0111,152.0111,1855.0111
2740.04111,56.0111,15.0111,162.0111,10.0111,1442.0111,229.0111,207.0111,107.0111,2151.0111
3109.0101411,60.0111,16.0111,319.0111,55.0111,3599.0111,231.0111,206.0111,103.0111,3031.0111
2935.0114711,7.0111,16.0111,67.0111,22.0111,4198.0111,199.0111,207.0111,143.0111,457.0111
2914.0111,104.0111,4.0102111,391.0111,41.0111,2989.0111,226.0111,234.0111,143.0111,1995.0111
2686.0111,45.0122611,2.0111,0.0111,0.0111,616.0111,220.0111,234.0111,150.0111,1383.0111
2564.0111,44.0111,18.0112261,67.0111,21.0111,680.0111,221.0111,199.0111,106.0111,1052.0111
3010.0111131,203.0111,16.0111,484.0111,159.0111,5519.0111,211.0111,253.0111,173.0111,760.0111
2753.04111,111.0111,6.0111,90.0111,-3.0111,1897.0111,230.0111,234.0111,137.0111,2791.0111
2719.1880111,6.0111,5.0111,67.0111,-3.0111,1194.0111,214.0111,230.0111,154.0111,1848.0111
2699.1880111,45.0111,1.0111,60.0111,4.0111,834.0111,219.0111,236.0111,154.0111,1510.0111
2925.0111,82.0120111,5.0111,424.0111,51.0111,3066.0111,227.0111,231.0111,138.0111,1948.0111
2821.0111,102.1020111,13.0111,242.0111,60.0111,2134.0111,241.0111,223.0111,110.0111,3013.0111
2754.04111,101.0111,11.0111,85.0111,19.0111,1588.0111,239.0111,225.0111,115.0111,2148.0111
2693.1880111,5.0111,12.0111,120.0111,0.0111,828.0111,205.0111,217.0111,149.0111,1383.0111
2674.1880111,344.0111,7.0111,234.0111,-2.0111,626.0111,206.0111,229.0111,162.0111,1116.0111
3178.0111,83.0111,6.0111961,306.0111,46.0111,3209.0111,228.0111,230.0111,137.0111,3398.0111
2826.0111,76.1020111,13.0111,234.0111,55.0111,2174.0111,236.0111,216.0111,109.0111,2970.0111
2725.0111,95.0510111,8.0111,0.0111,0.0111,1490.0111,233.0111,229.0111,128.0111,2026.0111
2961.0111051,97.0111,20.0111,150.0111,47.0111,3636.0111,248.0111,206.0111,77.0111,1218.0111
2939.0111,88.0120111,7.0111,342.0111,57.0111,3234.0111,231.0111,228.0111,129.0111,1812.0111
2761.0112051,181.0111,10.0111,42.0111,4.0111,2117.0111,223.0111,247.0111,156.0111,3019.0111
2764.0112051,148.0111,6.0111,175.0111,20.0111,1816.0111,229.0111,239.0111,144.0111,2307.0111
2971.0111,322.0111,22.1100111,361.0111,158.0111,4671.0111,160.0111,213.0111,190.0111,258.0111
2992.0111,355.0111,8.1100111,67.0111,0.0111,4095.0111,207.0111,226.0111,157.0111,589.0111
2525.0037111,80.0111,7.0111,67.0111,-8.0111,706.0111,229.0111,228.0111,133.0111,916.0111
2750.04111,60.0111,4.0111,0.0111,0.0111,2154.0111,223.0111,231.0111,144.0111,2976.0111
2742.04111,345.0111,7.0111,30.0111,2.0111,1597.0111,206.0111,229.0111,161.0111,2033.0111
2695.1880111,15.0111,7.0111,285.0111,1.0111,819.0111,214.0111,225.0111,148.0111,1104.0111
2993.0111,346.0111,10.0111,300.0103111,16.0111,4663.0111,201.0111,225.0111,162.0111,175.0111
2972.0111,0.0111111,16.0111,210.0111,20.0111,4200.0111,195.0111,209.0111,150.0111,2112.0111
2931.0111,30.0120111,14.0111,391.0111,50.0111,3078.0111,215.0111,209.0111,128.0111,2093.0111
2868.0138111,188.0111,2.0111,108.0111,14.0111,2616.0111,219.0111,240.0111,157.0111,2470.0111
2976.0111,252.0111,3.1100111,212.0111,95.0111,5365.0111,213.0111,241.0111,166.0111,900.0111
2926.0111,67.0111,12.0102111,324.0111,45.0111,3055.0111,232.0111,217.0111,116.0111,2093.0111
2853.1490111,293.0111,9.0111,42.0111,9.0111,2755.0111,195.0111,238.0111,183.0111,2329.0111
2719.0111,126.0510111,11.0111,277.0111,-10.0111,1092.0111,239.0111,233.0111,123.0111,1302.0111
2624.0111,109.0111,14.0195111,127.0111,14.0111,911.0111,244.0111,223.0111,105.0111,655.0111
2985.0111,90.0111,9.1100111,295.0111,53.0111,4375.0111,234.0111,226.0111,123.0111,1900.0111
2909.0111,77.0085111,10.0111,120.0111,6.0111,4759.0111,233.0111,221.0111,119.0111,1499.0111
2911.0111,130.0085111,30.0111,108.0111,52.0111,5485.0111,252.0111,207.0111,60.0111,811.0111
2780.0111,357.0168111,14.0111,85.0111,13.0111,2335.0111,197.0111,213.0111,153.0111,2952.0111
2854.1490111,338.0111,7.0111,0.0111,0.0111,5493.0111,205.0111,230.0111,164.0111,703.0111
2856.1490111,2.0111,14.0111,0.0111,0.0111,5468.0111,200.0111,214.0111,150.0111,684.0111
2997.0111,315.0111,5.1100111,30.0111,1.0111,4248.0111,206.0111,236.0111,168.0111,573.0111
3152.0111,65.0111,9.0111961,120.0111,13.0111,2928.0111,229.0111,222.0111,126.0111,3526.0111
2945.0111,76.0111,10.0102111,175.0111,42.0111,4542.0111,233.0111,220.0111,118.0111,1717.0111
2821.0111,63.1020111,14.0111,30.0111,-4.0111,2496.0111,232.0111,211.0111,108.0111,2704.0111
3002.0111,166.0111,4.0111,258.0103111,22.0111,4690.0111,223.0111,241.0111,153.0111,120.0111
3030.0111,81.0111,14.0111,85.0103111,22.0111,4414.0111,238.0111,215.0111,106.0111,408.0111
3041.0111131,125.0111,13.0111,323.0111,76.0111,3971.0111,242.0111,230.0111,115.0111,2308.0111
2878.0138111,339.0111,20.0111,30.0111,15.0111,5493.0111,175.0111,208.0111,170.0111,872.0111
2770.0112051,51.0111,12.0111,120.0111,7.0111,1528.0111,226.0111,214.0111,120.0111,1652.0111
2733.0111,89.0168111,15.0111,582.0111,20.0111,1092.0111,242.0111,214.0111,98.0111,900.0111
3159.0111,62.0111,15.0111961,150.0111,20.0111,2881.0111,231.0111,209.0111,106.0111,3518.0111
3123.0111,94.0111,12.0111961,342.0111,33.0111,3544.0111,238.0111,222.0111,113.0111,2758.0111
2673.0111,69.0122611,14.0111,240.0111,56.0111,1084.0111,234.0111,211.0111,106.0111,553.0111
2787.0112051,99.0111,9.0111,30.0111,2.0111,1964.0111,235.0111,228.0111,125.0111,2136.0111
2544.0111,86.0111,7.0112261,247.0111,-16.0111,1020.0111,230.0111,229.0111,132.0111,531.0111
3162.0111,55.0111,10.0111961,190.0111,23.0111,2871.0111,226.0111,219.0111,126.0111,3501.0111
2998.0111,151.0111,24.1100111,124.0111,39.0111,4140.0111,242.0111,231.0111,105.0111,2117.0111
2972.0111051,37.0111,7.0111,90.0111,16.0111,4242.0111,220.0111,224.0111,139.0111,920.0111
2859.1490111,113.0111,5.0111,42.0111,-1.0111,2881.0111,230.0111,234.0111,138.0111,2250.0111
2851.1490111,43.0111,17.0111,255.0111,37.0111,2599.0111,221.0111,201.0111,110.0111,2771.0111
2601.0111,48.0111,11.0112261,162.0111,-18.0111,1243.0111,224.0111,216.0111,124.0111,342.0111
2814.0111,5.0168111,9.0111,201.0111,48.0111,1829.0111,209.0111,223.0111,152.0111,1884.0111
3025.0111,96.0111,7.0111,234.0103111,17.0111,4437.0111,232.0111,229.0111,129.0111,726.0111
2955.0111,3.0120111,13.0111,42.0111,3.0111,4224.0111,201.0111,214.0111,149.0111,2039.0111
2869.0138111,325.0111,15.0111,120.0111,13.0111,2898.0111,181.0111,222.0111,180.0111,2310.0111
3067.0111,133.0110371,11.0111,242.0111,43.0111,3491.0111,237.0111,235.0111,127.0111,2771.0111
2905.0111,248.0085111,3.0111,95.0111,11.0111,4859.0111,214.0111,241.0111,165.0111,1490.0111
3001.0111,17.0111,6.0111,323.0103111,43.0111,3929.0111,215.0111,228.0111,150.0111,1371.0111
2712.0111,72.0510111,12.0111,391.0111,88.0111,1351.0111,233.0111,217.0111,115.0111,560.0111
3050.0111131,72.0111,10.0111,124.0111,26.0111,3538.0111,231.0111,221.0111,122.0111,2719.0111
2882.0138111,37.0111,10.0111,0.0111,0.0111,5639.0111,220.0111,219.0111,133.0111,1040.0111
2962.0111051,108.0111,9.0111,150.0111,4.0111,3840.0111,236.0111,230.0111,125.0111,1320.0111
2762.1490111,357.0111,9.0111,658.0111,1.0111,1529.0111,207.0111,225.0111,156.0111,900.0111
3041.0111131,144.0111,12.0111,60.0111,4.0111,3476.0111,237.0111,238.0111,129.0111,2781.0111
2984.0111,132.0111111,11.0111,153.0111,26.0111,3967.0111,238.0111,234.0111,124.0111,1245.0111
3090.0111,131.0110371,14.0111,124.0111,46.0111,3270.0111,242.0111,231.0111,115.0111,2986.0111
3008.0111,356.0111,16.0111,42.0103111,7.0111,3719.0111,192.0111,209.0111,153.0111,2549.0111
2900.0138111,66.0111,17.0111,42.0111,6.0111,5655.0111,234.0111,205.0111,97.0111,1116.0111
3014.0111131,234.0111,21.0111,285.0111,115.0111,5432.0111,180.0111,253.0111,205.0111,834.0111
2898.0111,254.0085111,7.0111,30.0111,6.0111,4919.0111,204.0111,245.0111,179.0111,1552.0111
2898.0138111,114.0111,3.0111,60.0111,4.0111,4948.0111,224.0111,236.0111,147.0111,1533.0111
2834.0111,32.1020111,15.0111,247.0111,36.0111,1897.0111,216.0111,207.0111,124.0111,1561.0111
2780.0111,96.1020111,5.0111,582.0111,21.0111,1616.0111,228.0111,233.0111,139.0111,902.0111
2896.0111,276.0085111,7.0111,30.0111,5.0111,4911.0111,201.0111,242.0111,179.0111,1575.0111
2898.0111,352.0085111,3.0111,60.0111,6.0111,4941.0111,214.0111,233.0111,158.0111,1556.0111
2838.1490111,322.0111,14.0111,85.0111,22.0111,2379.0111,183.0111,225.0111,182.0111,2252.0111
2802.1490111,91.0111,11.0111,540.0111,18.0111,1699.0111,237.0111,223.0111,115.0111,1084.0111
2891.0138111,292.0111,8.0111,0.0111,0.0111,4875.0111,197.0111,239.0111,182.0111,1617.0111
2902.0111,342.0085111,3.0111,67.0111,4.0111,4963.0111,213.0111,235.0111,159.0111,1560.0111
2853.1490111,39.0111,10.0111,350.0111,55.0111,2109.0111,221.0111,219.0111,132.0111,1834.0111
3025.0111131,194.0111,15.0111,342.0111,112.0111,5307.0111,217.0111,251.0111,164.0111,1396.0111
2960.0111051,104.0111,20.0111,150.0111,41.0111,3479.0111,249.0111,211.0111,82.0111,1663.0111
2932.0114711,113.0111,15.0111,85.0111,19.0111,3432.0111,245.0111,223.0111,104.0111,1734.0111
2896.0111,351.0085111,8.0111,30.0111,3.0111,4803.0111,206.0111,227.0111,159.0111,1702.0111
2905.0114711,353.0111,8.0111,42.0111,-3.0111,4979.0111,206.0111,226.0111,158.0111,1590.0111
2921.0114711,258.0111,20.0111,108.0111,8.0111,5066.0111,168.0111,247.0111,215.0111,1539.0111
3046.0111131,335.0111,15.0111,134.0111,31.0111,4530.0111,185.0111,218.0111,172.0111,1055.0111
2752.0112051,68.0111,11.0111,418.0111,65.0111,1684.0111,232.0111,218.0111,118.0111,626.0111
2904.0138111,9.0111,13.0111,30.0111,5.0111,4855.0111,205.0111,213.0111,144.0111,1687.0111
2906.0111,87.0085111,10.0111,212.0111,42.0111,3070.0111,236.0111,223.0111,118.0111,2513.0111
2756.0112051,81.0111,10.0111,420.0111,5.0111,1717.0111,234.0111,222.0111,118.0111,664.0111
2666.0111,63.0122611,14.0111,212.0111,19.0111,1176.0111,232.0111,211.0111,109.0111,228.0111
2654.0111,78.0122611,11.0111,272.0111,7.0111,1116.0111,234.0111,220.0111,116.0111,258.0111
2975.0111,354.0111,40.0111,474.0103111,0.0111,4118.0111,126.0111,141.0111,132.0111,2250.0111
3131.0111,318.0111,13.0111,618.0107511,85.0111,5272.0111,185.0111,228.0111,183.0111,872.0111
2913.0114711,321.0111,16.0111,95.0111,14.0111,4784.0111,178.0111,223.0111,184.0111,1771.0111
2908.0111,198.0085111,2.0111,30.0111,1.0111,4954.0111,218.0111,240.0111,158.0111,1689.0111
2910.0111,266.0085111,4.0111,42.0111,2.0111,4983.0111,210.0111,241.0111,169.0111,1673.0111
2770.0112051,68.0111,3.0111,330.0111,11.0111,1820.0111,222.0111,234.0111,148.0111,808.0111
2914.0111,113.0085111,11.0111,0.0111,0.0111,4889.0111,239.0111,229.0111,119.0111,1747.0111
2905.0114711,329.0111,1.0111,30.0111,-3.0111,4948.0111,215.0111,237.0111,159.0111,1714.0111
2917.0114711,280.0111,11.0111,108.0111,4.0111,5037.0111,191.0111,241.0111,190.0111,1667.0111
2924.0111,270.0111,10.0102111,134.0111,11.0111,5066.0111,194.0111,244.0111,189.0111,1652.0111
2987.0111,236.0111,21.0111,365.0103111,74.0111,5302.0111,178.0111,253.0111,207.0111,1537.0111
2999.0111,347.0111,13.0111,150.0103111,21.0111,4146.0111,195.0111,218.0111,162.0111,966.0111
2878.0138111,290.0111,12.0111,218.0111,55.0111,2525.0111,187.0111,238.0111,191.0111,2244.0111
2915.0114711,297.0111,5.0111,108.0111,1.0111,4736.0111,205.0111,238.0111,172.0111,1860.0111
2918.0111,310.0111,11.0102111,124.0111,10.0111,5031.0111,191.0111,233.0111,182.0111,1693.0111
2925.0111,205.0111,5.0102111,175.0111,12.0111,5090.0111,217.0111,244.0111,164.0111,1664.0111
2942.0111,5.0111,11.0102111,60.0111,3.0111,3542.0111,206.0111,219.0111,150.0111,1745.0111
2918.0111,8.0085111,7.0111,85.0111,3.0111,4731.0111,212.0111,226.0111,152.0111,1884.0111
2931.0111,267.0120111,16.0111,242.0111,18.0111,5144.0111,178.0111,245.0111,205.0111,1664.0111
2997.0111,351.0111,6.0111,42.0103111,-2.0111,3827.0111,210.0111,230.0111,159.0111,1302.0111
3037.0111,346.0110371,13.0111,418.0111,0.0111,3667.0111,195.0111,219.0111,162.0111,2696.0111
2929.0114711,75.0111,15.0111,95.0111,14.0111,4696.0111,237.0111,212.0111,103.0111,1926.0111
3174.0111,350.0111,13.0111,700.0107511,66.0111,5370.0111,195.0111,217.0111,160.0111,1050.0111
3082.0111,79.0110371,2.0111,212.0111,32.0111,4669.0111,222.0111,234.0111,148.0111,816.0111
2841.1490111,96.0111,5.0111,295.0111,57.0111,2174.0111,228.0111,233.0111,139.0111,1558.0111
2928.0111,294.0111,6.0102111,216.0111,21.0111,5075.0111,204.0111,239.0111,174.0111,1744.0111
2939.0111051,288.0111,10.0111,268.0111,26.0111,5134.0111,193.0111,239.0111,186.0111,1718.0111
3103.0101411,356.0111,12.0111,134.0111,10.0111,3071.0111,201.0111,219.0111,155.0111,3237.0111
3096.0101411,73.0111,11.0111,192.0111,13.0111,3187.0111,233.0111,218.0111,115.0111,3133.0111
3064.0111,59.0110371,8.0111,319.0111,0.0111,3362.0111,227.0111,223.0111,130.0111,2980.0111
2917.0111,50.0085111,11.0111,30.0111,2.0111,4745.0111,225.0111,217.0111,125.0111,1939.0111
2920.0114711,295.0111,9.0111,42.0111,5.0111,4833.0111,195.0111,238.0111,182.0111,1889.0111
2935.0111,32.0111,12.0102111,162.0111,26.0111,4981.0111,217.0111,214.0111,131.0111,1812.0111
3129.0101411,38.0111,11.0111,190.0111,36.0111,2802.0111,220.0111,216.0111,129.0111,3489.0111
2924.0114711,53.0111,14.0111,0.0111,0.0111,4740.0111,227.0111,210.0111,113.0111,1964.0111
2929.0111,302.0111,16.0102111,85.0111,14.0111,4858.0111,172.0111,230.0111,198.0111,1899.0111
2936.0111,22.0111,11.0102111,201.0111,27.0111,5006.0111,213.0111,216.0111,138.0111,1825.0111
2938.0111,0.0111,5.0102111,277.0111,29.0111,5095.0111,213.0111,231.0111,156.0111,1785.0111
3004.0111,273.0111,14.0111,301.0103111,93.0111,5754.0111,181.0111,243.0111,201.0111,1237.0111
3168.0111,203.0111,6.0111,700.0107511,60.0111,5459.0111,217.0111,246.0111,164.0111,1140.0111
3130.0111,110.0111,12.0111961,421.0111,51.0111,5271.0111,240.0111,227.0111,115.0111,1172.0111
2775.0112051,191.0111,9.0111,134.0111,-11.0111,2081.0111,220.0111,247.0111,161.0111,1140.0111
2744.04111,81.0111,11.0111,170.0111,25.0111,1702.0111,235.0111,219.0111,114.0111,642.0111
2698.1880111,71.0111,14.0111,30.0111,8.0111,1554.0111,235.0111,211.0111,104.0111,564.0111
2927.0114711,68.0111,11.0111,0.0111,0.0111,4735.0111,232.0111,218.0111,118.0111,1989.0111
2941.0111,16.0111,8.0102111,216.0111,27.0111,5002.0111,214.0111,224.0111,147.0111,1852.0111
2942.0111051,350.0111,9.0111,242.0111,33.0111,5032.0111,203.0111,224.0111,160.0111,1838.0111
3112.0101411,133.0111,12.0111,210.0111,33.0111,5128.0111,239.0111,234.0111,122.0111,999.0111
2931.0114711,114.0111,6.0111,30.0111,4.0111,4701.0111,232.0111,233.0111,135.0111,2030.0111
2944.0111,0.0111,10.0102111,218.0111,9.0111,4998.0111,205.0111,221.0111,153.0111,1878.0111
2948.0111,1.0120111,15.0111,277.0111,39.0111,5057.0111,198.0111,211.0111,150.0111,1852.0111
3038.0111131,13.0111,9.0111,376.0111,58.0111,4524.0111,211.0111,221.0111,146.0111,641.0111
2953.0111,13.0120111,18.0111,182.0111,18.0111,4964.0111,199.0111,199.0111,133.0111,1919.0111
2954.0111,344.0111111,16.0111,242.0111,19.0111,5024.0111,185.0111,213.0111,165.0111,1892.0111
2959.0111,358.0111,17.1100111,361.0111,24.0111,5143.0111,192.0111,207.0111,151.0111,1804.0111
2980.0111,66.0111111,15.0111,175.0111,-20.0111,3896.0111,233.0111,209.0111,104.0111,1369.0111
2749.04111,169.0111,4.0111,30.0111,-2.0111,1895.0111,222.0111,241.0111,154.0111,828.0111
2943.0111,282.0120111,13.0111,60.0111,8.0111,4841.0111,184.0111,241.0111,196.0111,2002.0111
2969.0111,2.0111111,17.0111,330.0111,34.0111,5109.0111,194.0111,206.0111,147.0111,1847.0111
3156.0111,84.0111,16.0111961,458.0111,48.0111,5416.0111,241.0111,211.0111,95.0111,1195.0111
3060.0111,95.0110371,22.0111,454.0111,136.0111,4272.0111,249.0111,201.0111,69.0111,2359.0111
2976.0111,348.0111,13.1100111,300.0111,41.0111,5076.0111,194.0111,217.0111,161.0111,1889.0111
2948.0111,79.0111,15.0102111,120.0111,24.0111,5493.0111,239.0111,211.0111,99.0111,1608.0111
2851.1490111,323.0111,11.0111,170.0111,5.0111,2910.0111,191.0111,228.0111,177.0111,2518.0111
2937.0111,325.0120111,4.0111,30.0111,1.0111,4774.0111,210.0111,235.0111,163.0111,2084.0111
3104.0101411,50.0111,11.0111,150.0111,11.0111,5205.0111,225.0111,215.0111,123.0111,882.0111
2753.04111,75.0111,5.0111,30.0111,-1.0111,2030.0111,226.0111,231.0111,140.0111,976.0111
2666.0111,132.0122611,12.0111,42.0111,1.0111,1350.0111,239.0111,234.0111,123.0111,690.0111
2955.0111,26.0120111,8.0111,124.0111,5.0111,4592.0111,216.0111,222.0111,142.0111,2205.0111
2953.0111,19.0120111,9.0111,67.0111,3.0111,4651.0111,214.0111,222.0111,144.0111,2172.0111
3129.0111,44.0111,13.0111,722.0107511,65.0111,3606.0111,222.0111,211.0111,121.0111,2896.0111
2996.0111,34.0111,11.0111,400.0103111,61.0111,5155.0111,219.0111,216.0111,132.0111,1889.0111
2859.1490111,125.0111,18.0111,127.0111,28.0111,2738.0111,247.0111,225.0111,100.0111,2173.0111
2979.0111,265.0111,10.1100111,242.0111,44.0111,4973.0111,194.0111,245.0111,190.0111,2037.0111
2955.0111051,86.0111,9.0111,258.0111,41.0111,3580.0111,234.0111,225.0111,122.0111,2142.0111
2948.0111,310.0120111,8.0111,60.0111,-1.0111,4761.0111,197.0111,234.0111,177.0111,2188.0111
3146.0111,84.0111,7.0111961,306.0111,38.0111,5464.0111,231.0111,227.0111,129.0111,1036.0111
2683.0111,98.0122611,18.0111,67.0111,14.0111,1418.0111,246.0111,213.0111,89.0111,812.0111
3159.0111,346.0111,12.0111,642.0107511,102.0111,3833.0111,196.0111,220.0111,163.0111,2779.0111
2952.0111,54.0120111,4.0111,85.0111,0.0111,4609.0111,222.0111,231.0111,144.0111,2290.0111
2950.0111051,328.0111,9.0111,30.0111,8.0111,4729.0111,198.0111,230.0111,171.0111,2229.0111
2953.0111051,323.0111,9.0111,60.0111,8.0111,4759.0111,197.0111,231.0111,173.0111,2215.0111
2861.1490111,164.0111,9.0111,180.0111,30.0111,2863.0111,228.0111,243.0111,147.0111,2290.0111
3165.0111,343.0111,13.0111,649.0107511,72.0111,3353.0111,192.0111,219.0111,165.0111,3158.0111
2952.0111,27.0120111,5.0111,67.0111,0.0111,4607.0111,218.0111,228.0111,147.0111,2315.0111
2954.0111,38.0120111,5.0111,30.0111,6.0111,4666.0111,220.0111,228.0111,144.0111,2285.0111
2952.0111051,280.0111,4.0111,30.0111,4.0111,4726.0111,208.0111,240.0111,170.0111,2255.0111
2957.0111051,270.0111,5.0111,60.0111,15.0111,4756.0111,206.0111,242.0111,174.0111,2241.0111
2957.0111051,255.0111,3.0111,90.0111,12.0111,4786.0111,213.0111,241.0111,166.0111,2227.0111
3188.0111,101.0111,8.0111,547.0107511,95.0111,3022.0111,233.0111,230.0111,129.0111,3439.0111
2955.0111,27.0120111,8.0111,42.0111,-3.0111,4604.0111,217.0111,223.0111,142.0111,2341.0111
2951.0111,84.0120111,2.0111,0.0111,0.0111,4694.0111,222.0111,235.0111,149.0111,2296.0111
3111.0101411,98.0111,8.0111,90.0111,3.0111,5369.0111,234.0111,228.0111,126.0111,808.0111
2952.0111,55.0120111,4.0111,30.0111,0.0111,4692.0111,222.0111,231.0111,145.0111,2322.0111
2953.0111051,270.0111,1.0111,42.0111,2.0111,4722.0111,216.0111,238.0111,160.0111,2308.0111
3121.0101411,316.0111,16.0111,127.0111,20.0111,5219.0111,176.0111,225.0111,188.0111,577.0111
2855.1490111,54.0111,19.0111,180.0111,45.0111,2635.0111,227.0111,196.0111,94.0111,1765.0111
2746.04111,43.0111,16.0111,60.0111,-1.0111,1753.0111,221.0111,204.0111,113.0111,1008.0111
3124.0101411,109.0111,11.0111,218.0111,16.0111,5498.0111,240.0111,227.0111,116.0111,902.0111
2963.0111,300.0111111,8.0111,201.0111,21.0111,4867.0111,199.0111,237.0111,178.0111,2249.0111
3112.0101411,338.0111,8.0111,95.0111,5.0111,5346.0111,202.0111,228.0111,165.0111,664.0111
2926.0114711,18.0111,10.0111,242.0111,41.0111,3336.0111,212.0111,219.0111,143.0111,2648.0111
2811.0111,114.1020111,8.0111,330.0111,44.0111,2345.0111,235.0111,232.0111,129.0111,1400.0111
2656.0111,72.0111,15.0195111,182.0111,21.0111,1180.0111,236.0111,209.0111,101.0111,1006.0111
3064.0111,117.0110371,20.0111,134.0111,49.0111,4812.0111,250.0111,218.0111,87.0111,277.0111
3014.0111,326.0111,9.0111,30.0103111,5.0111,4635.0111,198.0111,230.0111,172.0111,541.0111
2917.0114711,317.0111,12.0111,108.0111,10.0111,3522.0111,188.0111,230.0111,181.0111,2435.0111
3031.0111131,234.0111,11.0111,295.0111,94.0111,5883.0111,202.0111,250.0111,185.0111,1774.0111
3138.0111,313.0111,13.0111961,216.0111,31.0111,5347.0111,186.0111,230.0111,184.0111,553.0111
3098.0101411,112.0111,9.0111,272.0111,33.0111,4990.0111,235.0111,231.0111,127.0111,120.0111
3032.0111131,349.0111,10.0111,127.0111,21.0111,4635.0111,202.0111,224.0111,160.0111,612.0111
2982.0111,10.0111111,18.0111,30.0111,7.0111,4562.0111,197.0111,200.0111,136.0111,2538.0111
3032.0111131,339.0111,14.0111,95.0111,23.0111,4710.0111,189.0111,219.0111,169.0111,518.0111
2896.0111,72.0085111,16.0111,319.0111,44.0111,3294.0111,236.0111,208.0111,98.0111,2726.0111
2846.0111,135.1020111,2.0111,0.0111,0.0111,3056.0111,222.0111,238.0111,152.0111,2349.0111
2995.0111,39.0111111,18.0111,0.0111,0.0111,4472.0111,218.0111,198.0111,109.0111,2609.0111
